0.01374986 0.04124959 0.02749973 0.04124959 0.01374986 0.04124959 0.01374986 0.01374986 0.01374986 0.05499946 0.02749973 0.08249919 0.01374986 0.02749973 0.02749973 0.08249919 0.04124959 0.09624905 0.04124959 0.01374986 0.13213644 0.13912072 0
0.05628472 0.0 0.05195513 0.02982609 0.02790183 0.05387939 0.01058345 0.03415569 0.04570127 0.04137168 0.01106452 0.05869005 0.01539411 0.03559889 0.03319356 0.04762554 0.05147406 0.05051193 0.00914025 0.04570127 0.1462223 0.14372425 0
0.05944061 0.0 0.04765074 0.02505348 0.03045717 0.0515807 0.01228112 0.03045717 0.04715949 0.04666825 0.00933365 0.06091435 0.01964979 0.03193091 0.03586087 0.05108945 0.0560019 0.04814198 0.00982489 0.04126456 0.14264873 0.14259018 0
0.05596041 0.00136489 0.03275731 0.02593287 0.03685198 0.05186575 0.00955422 0.04777108 0.03958175 0.07506884 0.03002754 0.03548709 0.04640619 0.0573253 0.02047332 0.04094664 0.05186575 0.04094664 0.01501377 0.03275731 0.12462252 0.12741881 0
0.03802677 0.0 0.05466349 0.04753347 0.02852008 0.04040345 0.02139006 0.06654685 0.06892353 0.05704016 0.03327343 0.02614341 0.02376673 0.02852008 0.0356501 0.02852008 0.03327343 0.05941683 0.00475335 0.01426004 0.137943 0.15143167 0
0.06885541 0.02251042 0.03840013 0.06355884 0.00529657 0.03177942 0.00132414 0.03707599 0.01324143 0.01721385 0.01059314 0.02118628 0.13771083 0.05031742 0.00397243 0.11387626 0.12844183 0.05164156 0.00264829 0.01986214 0.07910374 0.08138988 0
0.0581956 0.0 0.05371902 0.03083869 0.02188553 0.05421642 0.00746097 0.03233089 0.058693 0.04824764 0.01144016 0.0596878 0.01541935 0.04625804 0.02188553 0.0576982 0.05371902 0.03829967 0.01044536 0.04675544 0.13543908 0.1373646 0
0.04321781 0.03904505 0.0464964 0.02593069 0.01520075 0.07719595 0.02235404 0.02175793 0.00298054 0.05126526 0.00447081 0.03695868 0.03815089 0.0232482 0.04291975 0.08643562 0.04172754 0.05126526 0.02652679 0.02205599 0.14576164 0.13503442 0
0.03565952 0.04754603 0.08320555 0.03565952 0.05943253 0.03565952 0.0 0.01188651 0.01188651 0.05943253 0.01188651 0.03565952 0.02377301 0.02377301 0.02377301 0.07131904 0.11886506 0.03565952 0.01188651 0.01188651 0.1310892 0.1200609 0
0.09473407 0.00047131 0.04571744 0.04854532 0.01790992 0.03487722 0.0032992 0.03016408 0.06551262 0.03959036 0.00565577 0.05372977 0.04713138 0.03534853 0.01555336 0.03817642 0.06928313 0.04948795 0.00377051 0.03723379 0.13452426 0.12928359 0
0.03375941 0.13503763 0.0 0.0 0.10127822 0.06751881 0.0 0.0 0.06751881 0.0 0.0 0.03375941 0.03375941 0.0 0.0 0.13503763 0.06751881 0.0 0.03375941 0.03375941 0.14220975 0.11508331 0
0.08304258 0.0 0.02768086 0.03321703 0.06643406 0.02768086 0.01660852 0.06089789 0.06089789 0.10518726 0.02768086 0.03321703 0.01107234 0.01107234 0.01660852 0.05536172 0.03321703 0.06643406 0.01660852 0.00553617 0.11672201 0.12482245 0
0.05730788 0.00403577 0.03874336 0.05085066 0.02905752 0.05650073 0.01291445 0.04116482 0.04600774 0.06941518 0.01291445 0.04197197 0.03147898 0.02260029 0.02502175 0.04035767 0.04197197 0.05730788 0.00403577 0.03309329 0.14246297 0.1407849 0
0.06500531 0.0030235 0.04081729 0.03628203 0.03779378 0.04686429 0.02569977 0.0619818 0.0589583 0.0619818 0.01662926 0.03779378 0.02267627 0.03779378 0.01965277 0.03628203 0.04384079 0.04384079 0.0 0.03325853 0.13016919 0.13965493 0
0.07713086 0.00220374 0.04627852 0.04407478 0.02203739 0.04407478 0.01542617 0.07051964 0.03525982 0.06390843 0.00881496 0.03305608 0.02864861 0.01983365 0.03305608 0.05509347 0.03085234 0.05509347 0.00220374 0.03085234 0.13270808 0.14887304 0
0.04377719 0.00571007 0.04187384 0.05043894 0.0304537 0.0390188 0.02284027 0.0523423 0.05139062 0.082796 0.01617853 0.04472887 0.02950202 0.03235706 0.02474363 0.04472887 0.03330873 0.02950202 0.00571007 0.03616377 0.14210617 0.14032853 0
0.04026164 0.0190713 0.0508568 0.06780907 0.02966647 0.04661874 0.02119033 0.03602357 0.05297584 0.07416617 0.0317855 0.01483323 0.0254284 0.02966647 0.02754744 0.03602357 0.04661874 0.0381426 0.00211903 0.02754744 0.13966587 0.14198177 0
0.05863654 0.0 0.05444821 0.06282486 0.0167533 0.04188324 0.02512995 0.04607157 0.04188324 0.07538984 0.02094162 0.03350659 0.01256497 0.03769492 0.0167533 0.05025989 0.05444821 0.04607157 0.01256497 0.02512995 0.12440878 0.1426345 0
0.1394189 0.0 0.03983397 0.00995849 0.01991699 0.05975096 0.0 0.11950191 0.04979246 0.05975096 0.00995849 0.01991699 0.0 0.00995849 0.00995849 0.06970945 0.03983397 0.06970945 0.00995849 0.01991699 0.11224721 0.13090733 0
0.04039306 0.01913355 0.04889686 0.07015637 0.02976331 0.04677091 0.0212595 0.03614116 0.05102281 0.07653422 0.03188926 0.0170076 0.02551141 0.02976331 0.02551141 0.03614116 0.04677091 0.03826711 0.00212595 0.02763736 0.13935858 0.13994421 0
0.07473516 0.01067645 0.02669113 0.0613896 0.04537492 0.05605137 0.01067645 0.04537492 0.0613896 0.05872048 0.02936024 0.01067645 0.02669113 0.02402202 0.03202935 0.03202935 0.0613896 0.04003669 0.0 0.01334556 0.12912895 0.15021057 0
0.03188518 0.01328549 0.04517067 0.05048487 0.02922808 0.05048487 0.02125679 0.03985648 0.06111326 0.06377036 0.02125679 0.02391389 0.03188518 0.01594259 0.03719938 0.01859969 0.05845617 0.04782777 0.01062839 0.02657098 0.14815586 0.15302725 0
0.09258742 0.0 0.04035862 0.0522288 0.0261144 0.04273266 0.01424422 0.04273266 0.03798458 0.06884706 0.01424422 0.04985477 0.02374037 0.03798458 0.01899229 0.04985477 0.03323651 0.0712211 0.0 0.01899229 0.1306697 0.13337898 0
0.02648617 0.0 0.09711595 0.08828723 0.03531489 0.03531489 0.00882872 0.07062978 0.02648617 0.06180106 0.04414361 0.03531489 0.00882872 0.0 0.01765745 0.03531489 0.03531489 0.06180106 0.00882872 0.0 0.1490456 0.15348529 0
0.0673357 0.00641292 0.03206462 0.04809693 0.03206462 0.05611309 0.01122262 0.0464937 0.04809693 0.04970016 0.02244523 0.03206462 0.03687431 0.02725493 0.04008078 0.03847754 0.03206462 0.04489047 0.00160323 0.03847754 0.1385702 0.14959523 0
0.10613555 0.0 0.03891637 0.05660563 0.02830281 0.03184066 0.02830281 0.03891637 0.03537852 0.07783274 0.0070757 0.04599207 0.03184066 0.01415141 0.01768926 0.02122711 0.04599207 0.04245422 0.01768926 0.03184066 0.14464622 0.13716991 0
0.09098086 0.0004714 0.04572613 0.04855455 0.01744193 0.03394105 0.00518544 0.02922701 0.06788209 0.03959789 0.00659965 0.05421139 0.04714034 0.03535526 0.01461351 0.03771227 0.07071051 0.05138297 0.00377123 0.03724087 0.13351956 0.12873409 0
0.07044092 0.0 0.05375754 0.06302608 0.01853708 0.07044092 0.00741483 0.05931867 0.07229462 0.05375754 0.01297596 0.02409821 0.01853708 0.02780562 0.02595192 0.04078158 0.02780562 0.04634271 0.00185371 0.01482967 0.1464989 0.14353082 0
0.06779431 0.00242123 0.0484245 0.05084573 0.04358205 0.02179103 0.0096849 0.06295186 0.05326696 0.06295186 0.01694858 0.02663348 0.03147593 0.02421225 0.03389715 0.02421225 0.0484245 0.06053063 0.00242123 0.01210613 0.14528376 0.15013969 0
0.05409604 0.0 0.01442561 0.00721281 0.07934086 0.06852165 0.01803201 0.08655366 0.04327683 0.1298305 0.01442561 0.02524482 0.02885122 0.0036064 0.01803201 0.04327683 0.06130885 0.03606403 0.00721281 0.02524482 0.11802989 0.11741274 0
0.03911375 0.00827406 0.05114875 0.04137031 0.02106125 0.06393593 0.0180525 0.05716625 0.04588343 0.06544031 0.01353937 0.03384844 0.02933531 0.02181344 0.04137031 0.04663562 0.03911375 0.04889218 0.00225656 0.02106125 0.14491283 0.1457744 0
0.0452815 0.0 0.05977158 0.0633941 0.0181126 0.0633941 0.02354638 0.06158284 0.03260268 0.04709276 0.01992386 0.0181126 0.0362252 0.02173512 0.04165898 0.0271689 0.0543378 0.06701662 0.0 0.01992386 0.13784825 0.14127029 0
0.05616083 0.0 0.04395195 0.05616083 0.02197598 0.0586026 0.0097671 0.05371905 0.0390684 0.07569503 0.0195342 0.02197598 0.03662663 0.03418485 0.03174308 0.0390684 0.02685953 0.03662663 0.00244178 0.04151018 0.14191459 0.15241243 0
0.01735312 0.01301484 0.05639763 0.06507419 0.04772107 0.04338279 0.0216914 0.04772107 0.06941247 0.04772107 0.01301484 0.01735312 0.03036796 0.01735312 0.02602968 0.0216914 0.03904451 0.04338279 0.0216914 0.03036796 0.14684976 0.16336383 0
0.09096582 0.0 0.0 0.03411218 0.05685364 0.09096582 0.0 0.06822437 0.03411218 0.12507801 0.04548291 0.02274146 0.01137073 0.02274146 0.01137073 0.03411218 0.03411218 0.06822437 0.0 0.01137073 0.12207654 0.11608469 0
0.06529322 0.00283884 0.04967963 0.04258254 0.02554952 0.06103497 0.00709709 0.06245439 0.03122719 0.06529322 0.01419418 0.01987185 0.02696894 0.04116312 0.03548545 0.04826021 0.04116312 0.04967963 0.0 0.02129127 0.13605214 0.1528195 0
0.05735954 0.0 0.04679331 0.058869 0.02867977 0.06641631 0.00905677 0.04377439 0.03169869 0.06188793 0.01660408 0.01660408 0.03018923 0.03169869 0.03622708 0.03622708 0.04830277 0.06641631 0.00150946 0.01811354 0.13805846 0.1555135 0
0.05169948 0.00620394 0.04342756 0.06617533 0.02688373 0.04135958 0.00413596 0.05169948 0.04549554 0.06824331 0.02688373 0.02481575 0.02895171 0.02067979 0.02067979 0.05169948 0.04549554 0.06203938 0.00413596 0.03101969 0.13568999 0.14258528 0
0.06670608 0.00141928 0.0454169 0.04399763 0.03690123 0.04257835 0.01845062 0.04825546 0.04825546 0.07238319 0.02270845 0.02980484 0.03973979 0.03690123 0.01703134 0.03973979 0.04399763 0.04257835 0.00425783 0.03122412 0.13598493 0.13166749 0
0.05526022 0.0 0.04144516 0.05664172 0.02210409 0.05526022 0.00414452 0.04973419 0.06631226 0.05664172 0.04558968 0.03868215 0.02348559 0.03591914 0.03730065 0.03868215 0.03453764 0.04697118 0.0 0.00414452 0.13826226 0.14888095 0
0.06721771 0.0 0.04190195 0.04539378 0.01309436 0.04015604 0.00785662 0.03317238 0.04277491 0.06721771 0.01658619 0.06896363 0.03229942 0.05063153 0.02269689 0.05150448 0.05237744 0.04277491 0.00960253 0.03579125 0.12732767 0.1306586 0
0.07903343 0.00385529 0.03276996 0.04048054 0.04048054 0.07132285 0.0173488 0.03855289 0.04048054 0.07517814 0.01927645 0.0346976 0.0173488 0.05204641 0.01542116 0.02891467 0.05204641 0.04626347 0.00385529 0.02120409 0.13320754 0.13621513 0
0.06758899 0.00355732 0.03379449 0.04802375 0.02667986 0.06047436 0.01067195 0.06225301 0.05158107 0.06403167 0.00711463 0.03201584 0.02845852 0.03201584 0.02312255 0.03023718 0.03379449 0.05158107 0.01067195 0.02134389 0.14433122 0.15665635 0
0.09867679 0.00219282 0.05482044 0.04166354 0.01754254 0.02850663 0.0 0.0372779 0.10525525 0.03947072 0.00438564 0.02850663 0.00657845 0.02192818 0.01096409 0.07894144 0.06797735 0.04604917 0.00219282 0.0372779 0.13012557 0.13966615 0
0.06300853 0.0 0.04077023 0.05188938 0.02594469 0.04447661 0.01853192 0.06671492 0.0704213 0.0704213 0.01853192 0.05188938 0.01111915 0.02223831 0.00370638 0.03706384 0.04447661 0.05188938 0.0 0.03706384 0.13208446 0.13775785 0
0.08982072 0.0 0.05019393 0.05944018 0.01056714 0.06076107 0.00264179 0.05019393 0.04491036 0.06076107 0.02113429 0.03038054 0.02113429 0.01452982 0.03038054 0.03566411 0.05151482 0.07397 0.00132089 0.00660446 0.13641172 0.14766434 0
0.02591829 0.00797486 0.04386172 0.05981143 0.03389314 0.05981143 0.01993714 0.03389314 0.04984286 0.06579257 0.02591829 0.02193086 0.02392457 0.03788057 0.03987429 0.04386172 0.03189943 0.04784914 0.00199371 0.01594971 0.15613631 0.15204481 0
0.07113396 0.0035567 0.05068294 0.05423964 0.02134019 0.04445872 0.00889174 0.04712625 0.05068294 0.07291231 0.01422679 0.02311854 0.02845358 0.01867266 0.02667523 0.04268037 0.04268037 0.06757726 0.0035567 0.01956184 0.14171527 0.14605598 0
0.04433996 0.00105571 0.05595281 0.07178851 0.02533712 0.04011711 0.0158357 0.05384138 0.03589425 0.05384138 0.02744855 0.02322569 0.02216998 0.03272711 0.05067424 0.03483854 0.03694997 0.0475071 0.0 0.02639283 0.15100251 0.14905954 0
0.07047648 0.0 0.04171057 0.08342114 0.02588932 0.04171057 0.01006807 0.0316425 0.05753182 0.05609352 0.01294466 0.02732761 0.02157443 0.04890205 0.02876591 0.04171057 0.04314886 0.05897011 0.0014383 0.01294466 0.13472005 0.14900882 0
0.06304769 0.00161661 0.05173144 0.05819787 0.02829063 0.05173144 0.01778268 0.04688162 0.05011483 0.05900617 0.01697438 0.03314045 0.02344081 0.02424911 0.03152384 0.03475706 0.03637367 0.04930653 0.00808304 0.01859099 0.1414912 0.15366796 0
0.07757077 0.0 0.05688523 0.04912815 0.02585692 0.06464231 0.01292846 0.06205662 0.05688523 0.06205662 0.00775708 0.03102831 0.02327123 0.03878538 0.02585692 0.02844262 0.02068554 0.033614 0.00775708 0.02327123 0.14257871 0.1489416 0
0.05533355 0.0 0.01580958 0.02371438 0.07904792 0.06060341 0.01580958 0.08168285 0.02634931 0.1027623 0.01580958 0.02107945 0.01844452 0.02371438 0.02107945 0.03688903 0.04215889 0.0685082 0.01053972 0.02107945 0.12447544 0.13510902 0
0.07131841 0.0 0.05804987 0.10117263 0.02653708 0.03648849 0.00663427 0.02985422 0.06800127 0.04975703 0.01824424 0.02487852 0.01824424 0.02321995 0.01824424 0.02819565 0.04312276 0.06965984 0.00165857 0.01492711 0.14807953 0.14371208 0
0.04452784 0.00212037 0.04452784 0.05512971 0.02332411 0.05088896 0.01696299 0.05088896 0.05300933 0.06785195 0.02544448 0.03604635 0.0318056 0.02756485 0.03604635 0.03816672 0.04240747 0.04240747 0.0 0.0318056 0.1356015 0.14347159 0
0.05143504 0.00358849 0.05023887 0.05502353 0.03229642 0.0394734 0.00956931 0.0394734 0.04545422 0.07655447 0.01913862 0.03588491 0.02990409 0.03349258 0.04186573 0.03349258 0.03468874 0.04545422 0.00598082 0.02153095 0.15039944 0.14506019 0
0.04937129 0.0 0.04937129 0.02962277 0.0345599 0.05430842 0.0 0.04443416 0.04937129 0.0691198 0.02468564 0.04443416 0.01974852 0.04937129 0.02962277 0.04937129 0.04937129 0.0691198 0.0 0.01481139 0.13754662 0.13175832 0
0.05000973 0.00333398 0.05667769 0.05334371 0.02000389 0.05667769 0.01333593 0.06001167 0.05334371 0.07001362 0.01666991 0.04334176 0.02667185 0.02000389 0.03333982 0.02333787 0.0366738 0.04334176 0.0 0.02667185 0.14162778 0.15156807 0
0.04293754 0.00225987 0.0542369 0.07005599 0.01355922 0.04519741 0.00677961 0.05875664 0.0542369 0.07231586 0.01581909 0.03615793 0.02485858 0.00677961 0.03163819 0.03389806 0.05197703 0.06327638 0.0 0.02033884 0.14869572 0.14622463 0
0.04914118 0.0 0.04575214 0.04405761 0.03389047 0.04744666 0.01863976 0.04575214 0.0576138 0.06269737 0.01694524 0.03389047 0.01355619 0.03897404 0.0288069 0.03389047 0.04744666 0.05083571 0.00847262 0.03050142 0.14130275 0.15038639 0
0.05562896 0.00573494 0.04415907 0.05620246 0.01892532 0.052188 0.01319037 0.04932052 0.0412916 0.06136391 0.02293978 0.02523376 0.0315422 0.0212193 0.052188 0.02752773 0.04243859 0.05104101 0.00401446 0.01720483 0.14954624 0.15709896 0
0.06062695 0.00327713 0.05571125 0.06062695 0.02785563 0.04260272 0.01146996 0.04424129 0.04424129 0.06226552 0.01638566 0.02785563 0.02785563 0.02949419 0.04587985 0.03277132 0.03768702 0.03440989 0.00655426 0.02621706 0.15459089 0.1473799 0
0.06439772 0.0023851 0.03339141 0.04054671 0.03100631 0.03816161 0.01669571 0.03816161 0.08109343 0.08824873 0.0023851 0.05008712 0.02146591 0.05247222 0.0119255 0.04293181 0.02623611 0.05247222 0.0023851 0.02623611 0.13197898 0.14533548 0
0.05359651 0.00090842 0.04360394 0.05813859 0.02725246 0.03906186 0.01998514 0.05541334 0.05359651 0.07812372 0.01725989 0.03270295 0.01635148 0.04360394 0.03906186 0.04269552 0.03724503 0.03179454 0.00181683 0.01271782 0.14743427 0.14763539 0
0.05018292 0.00418191 0.05185568 0.06774694 0.02007317 0.0418191 0.01421849 0.04851016 0.04014634 0.05771036 0.02090955 0.03345528 0.0184004 0.02927337 0.0510193 0.03345528 0.0418191 0.04934654 0.00167276 0.02592784 0.1446269 0.1536486 0
0.05689562 0.00237065 0.04622769 0.06045159 0.03911574 0.05096899 0.0142239 0.03081846 0.04504236 0.08297278 0.02252118 0.02607716 0.02015053 0.03081846 0.04385704 0.02844781 0.02607716 0.04148639 0.00592663 0.01659456 0.15583957 0.15311573 0
0.05466822 0.00227784 0.05011254 0.06036283 0.02391735 0.04897362 0.01138921 0.05694606 0.04441793 0.06036283 0.01366706 0.03302872 0.02619519 0.01708382 0.03644548 0.04555685 0.03302872 0.05125146 0.00455569 0.02733411 0.14823298 0.15019151 0
0.0528134 0.00078826 0.05517818 0.0528134 0.03231865 0.03941299 0.01340042 0.04571907 0.04729559 0.05360166 0.01812997 0.03547169 0.03153039 0.02285953 0.03153039 0.03231865 0.03783647 0.05044862 0.02049475 0.02207127 0.14726854 0.15669809 0
0.07971213 0.00797121 0.04251314 0.05048435 0.03188485 0.04517021 0.0 0.05048435 0.05579849 0.0637697 0.01328535 0.03454192 0.0185995 0.02125657 0.03454192 0.02922778 0.03719899 0.06111263 0.00531414 0.01594243 0.14900333 0.152187 0
0.05876228 0.0 0.0524096 0.04129241 0.04605692 0.0524096 0.03176339 0.04764509 0.04129241 0.05717411 0.0158817 0.03811607 0.02064621 0.02064621 0.02699888 0.03811607 0.04129241 0.04764509 0.0 0.03970424 0.13525113 0.1468962 0
0.04846121 0.00484612 0.00969224 0.02180754 0.03876897 0.05815345 0.00969224 0.06784569 0.07026875 0.07753793 0.04846121 0.03149978 0.03876897 0.05088427 0.02907672 0.04846121 0.03149978 0.03392284 0.00726918 0.0242306 0.1203669 0.12848439 0
0.05114165 0.00340944 0.04091332 0.05796053 0.01704722 0.05796053 0.01704722 0.06136998 0.06136998 0.08864552 0.02045666 0.01022833 0.03750388 0.0238661 0.03068499 0.02727555 0.03409443 0.05455109 0.0 0.01704722 0.13439004 0.15303633 0
0.06321824 0.0 0.05136482 0.04543811 0.03160912 0.04543811 0.01185342 0.05136482 0.05136482 0.06519381 0.02173127 0.03160912 0.03753583 0.01778013 0.02370684 0.05136482 0.02963355 0.04741368 0.00395114 0.03556026 0.13610201 0.14676606 0
0.06623095 0.0 0.04264185 0.05534367 0.03810548 0.04808549 0.00998001 0.04354912 0.05171458 0.07258187 0.02086729 0.0272182 0.03084729 0.02540365 0.03538366 0.04445639 0.02631093 0.05806549 0.00453637 0.01270183 0.14364161 0.14233428 0
0.07499764 0.0 0.04903692 0.04038335 0.01442262 0.06634407 0.0115381 0.06057502 0.03749882 0.05192144 0.02884525 0.02884525 0.01730715 0.02596072 0.03749882 0.04326787 0.04038335 0.06057502 0.00288452 0.01442262 0.14831952 0.14497192 0
0.05410153 0.0 0.03967446 0.04328122 0.01442707 0.03606769 0.00360677 0.06492184 0.04328122 0.07574214 0.01442707 0.04688799 0.01803384 0.07934891 0.04328122 0.03967446 0.03606769 0.02885415 0.01082031 0.02164061 0.13873614 0.14712367 0
0.04729607 0.00214982 0.05697027 0.06341973 0.02687277 0.04407134 0.02579786 0.04944589 0.04192152 0.05267062 0.0204233 0.02149821 0.02794768 0.02472295 0.04514625 0.03224732 0.0397717 0.03547205 0.00752437 0.03224732 0.14662432 0.15575863 0
0.07889043 0.0 0.05609986 0.04733426 0.01577809 0.05434674 0.01928433 0.04908738 0.04032178 0.04908738 0.00701248 0.01051872 0.02980305 0.02804993 0.03681554 0.03506241 0.04032178 0.07012483 0.00175312 0.02629681 0.15067719 0.15333388 0
0.04558965 0.00379914 0.04938879 0.05128836 0.02089526 0.06648491 0.01329698 0.07028405 0.03799138 0.04369008 0.02089526 0.05128836 0.02089526 0.02469439 0.02279483 0.05318793 0.03229267 0.04938879 0.01139741 0.0303931 0.13987018 0.14019323 0
0.04981365 0.00131089 0.04850277 0.05374631 0.03736024 0.03146125 0.0183524 0.04325922 0.05636808 0.08258579 0.01310886 0.03539391 0.01638607 0.0412929 0.03015037 0.04391467 0.03342758 0.04063745 0.00196633 0.02883948 0.14216616 0.14995563 0
0.04751512 0.0 0.05572762 0.05162137 0.03460978 0.02991693 0.01290534 0.04164906 0.05103476 0.08623115 0.01642498 0.03167675 0.0181848 0.05338119 0.02991693 0.04047585 0.04047585 0.03695621 0.00293303 0.02933032 0.14187297 0.14715997 0
0.06208323 0.00238782 0.04059288 0.04775633 0.02387817 0.05253196 0.01671472 0.04059288 0.0429807 0.07402231 0.0143269 0.0286538 0.01671472 0.0429807 0.0429807 0.03104161 0.03342943 0.05014415 0.00477563 0.03342943 0.14370797 0.15427397 0
0.05812278 0.00464982 0.05579787 0.05579787 0.02673648 0.04068595 0.0104621 0.05812278 0.05463541 0.06393506 0.01859929 0.02324911 0.02789893 0.02673648 0.03487367 0.03836104 0.02906139 0.05812278 0.0 0.02441157 0.14852864 0.14121097 0
0.03057765 0.0 0.06455281 0.04756523 0.0203851 0.02718013 0.02378261 0.08154039 0.0407702 0.05436026 0.01698758 0.02378261 0.03057765 0.02718013 0.05436026 0.0407702 0.04416771 0.05096274 0.0 0.03057765 0.14082207 0.14909702 0
0.09473864 0.00421061 0.04210606 0.04631667 0.02315833 0.05684318 0.01473712 0.06315909 0.03579015 0.06526439 0.02315833 0.02526364 0.03157955 0.01894773 0.03157955 0.04842197 0.03789546 0.04631667 0.0021053 0.01263182 0.13028167 0.14549408 0
0.06660804 0.01239219 0.05421584 0.03562755 0.03098048 0.06350999 0.02168634 0.04337267 0.04647072 0.0387256 0.02788243 0.02323536 0.03562755 0.02788243 0.02788243 0.03098048 0.0387256 0.05886292 0.00774512 0.02168634 0.14115281 0.14474708 0
0.06899481 0.00181565 0.02541914 0.05083828 0.03268175 0.04539132 0.00544696 0.05446958 0.04720697 0.04902262 0.02360349 0.02905044 0.0308661 0.02723479 0.02905044 0.04176001 0.05810089 0.05810089 0.00544696 0.02905044 0.13966819 0.14678028 0
0.07147224 0.0 0.05994446 0.03227779 0.02766667 0.0368889 0.01844445 0.0576389 0.05533335 0.06916668 0.01152778 0.02997223 0.02305556 0.02997223 0.02766667 0.05072223 0.03919445 0.0368889 0.00461111 0.03227779 0.14644443 0.13883317 0
0.04110255 0.02055127 0.05480339 0.04795297 0.0274017 0.04795297 0.02055127 0.0274017 0.04795297 0.06850424 0.0274017 0.0274017 0.01370085 0.04795297 0.01370085 0.04795297 0.05480339 0.04110255 0.01370085 0.05480339 0.12149972 0.13180403 0
0.05430807 0.00310332 0.04965309 0.06361802 0.01551659 0.04034314 0.00620664 0.06982466 0.04344646 0.08378959 0.01551659 0.0418948 0.01706825 0.02482655 0.03568816 0.02948152 0.05275641 0.04965309 0.00155166 0.0077583 0.13990275 0.15409235 0
0.05848448 0.00354451 0.0531677 0.03544514 0.03190062 0.06380125 0.0248116 0.05493996 0.03012837 0.05848448 0.01595031 0.04253416 0.04076191 0.00354451 0.03190062 0.03898965 0.05493996 0.04253416 0.00354451 0.0248116 0.13443169 0.15134881 0
0.06931097 0.01940707 0.04713146 0.04435902 0.02217951 0.06931097 0.01108976 0.05544878 0.05267634 0.06099365 0.02217951 0.01663463 0.02495195 0.03881414 0.02495195 0.02495195 0.02495195 0.06099365 0.0 0.02495195 0.137583 0.1471278 0
0.06218957 0.00540779 0.04596621 0.04596621 0.03515063 0.03785452 0.01622337 0.06759736 0.05678178 0.05678178 0.02433505 0.03785452 0.01892726 0.03785452 0.02433505 0.03785452 0.04596621 0.02974284 0.00540779 0.02974284 0.13221623 0.14584393 0
0.03123186 0.00283926 0.03974964 0.04542816 0.01987482 0.05962446 0.00851778 0.0567852 0.05394594 0.06530298 0.02271408 0.03123186 0.03123186 0.02555334 0.03407112 0.05394594 0.04826742 0.05110668 0.00283926 0.03123186 0.13624552 0.14826097 0
0.07857269 0.0034162 0.03245394 0.05978357 0.02732963 0.04953496 0.02220533 0.04611875 0.04953496 0.05807547 0.01195671 0.04099445 0.02903773 0.02732963 0.02220533 0.02903773 0.03757824 0.06319977 0.0017081 0.02732963 0.13659446 0.1460027 0
0.06851023 0.00548082 0.04384654 0.04932736 0.00822123 0.04932736 0.01644245 0.07673145 0.05754859 0.06302941 0.02466368 0.01918286 0.02740409 0.03562532 0.03562532 0.03562532 0.02192327 0.04384654 0.00274041 0.02740409 0.14588798 0.14160567 0
0.05191326 0.01483236 0.03337281 0.0741618 0.01854045 0.0370809 0.02966472 0.04078899 0.05562135 0.05932944 0.0370809 0.01854045 0.03337281 0.03337281 0.03337281 0.02966472 0.02966472 0.06674562 0.0 0.01483236 0.12880166 0.15924507 0
0.04715457 0.00643017 0.04929795 0.03643762 0.02357728 0.05358473 0.02143389 0.04286779 0.04286779 0.09216574 0.01714711 0.03000745 0.02357728 0.0407244 0.03643762 0.03643762 0.03429423 0.0407244 0.00643017 0.02786406 0.14788627 0.14265186 0
0.04932855 0.02301999 0.04275141 0.04275141 0.0328857 0.04932855 0.01973142 0.02959713 0.04603998 0.06905997 0.01644285 0.02301999 0.01315428 0.04603998 0.0328857 0.03617427 0.05261712 0.05261712 0.00986571 0.02630856 0.14096521 0.14541506 0
0.0566751 0.00171743 0.05152282 0.06010996 0.03950083 0.02919626 0.01545685 0.04637054 0.04637054 0.08415394 0.00686971 0.02404398 0.02232656 0.02747884 0.04293568 0.03263112 0.03091369 0.04293568 0.00686971 0.02060913 0.1502557 0.16105595 0
0.06936128 0.00606069 0.04579191 0.05993353 0.02760983 0.04713873 0.00942775 0.05858671 0.04040463 0.06195376 0.0195289 0.0255896 0.03165029 0.0195289 0.02963006 0.04242486 0.04040463 0.05521966 0.00134682 0.02154913 0.14050552 0.14635279 0
0.06185041 0.00353431 0.03004163 0.06185041 0.02474016 0.04241171 0.01237008 0.06538472 0.04594602 0.0583161 0.02297301 0.03004163 0.03534309 0.03180878 0.0388774 0.04241171 0.03357594 0.05301464 0.0 0.02120585 0.14828217 0.13602024 0
0.06208912 0.0 0.04935289 0.05890506 0.03502463 0.07960144 0.0111442 0.03661666 0.03980072 0.05890506 0.02388043 0.02388043 0.02388043 0.02388043 0.0445768 0.02706449 0.02865652 0.04616883 0.00318406 0.01751232 0.15392407 0.15195141 0
0.0453806 0.0 0.03267403 0.06353283 0.01815224 0.07079373 0.01270657 0.05082627 0.04901104 0.0453806 0.02178269 0.02541313 0.02722836 0.01996746 0.04175015 0.04719582 0.03993492 0.06716328 0.00544567 0.01996746 0.14617317 0.14951998 0
0.04398472 0.00399861 0.0359875 0.05398125 0.01799375 0.071975 0.01199583 0.05997916 0.05598055 0.0739743 0.02599097 0.02799028 0.02199236 0.02998958 0.01799375 0.02998958 0.03998611 0.05598055 0.00799722 0.02199236 0.14382059 0.14642599 0
0.05076808 0.0 0.04935786 0.07051123 0.03384539 0.05217831 0.02397382 0.05358853 0.04512719 0.05781921 0.02256359 0.01974314 0.02397382 0.02538404 0.03948629 0.01551247 0.05499876 0.03666584 0.00141022 0.02256359 0.14585865 0.15466997 0
0.06266242 0.0 0.0595293 0.04386369 0.01879873 0.04386369 0.00626624 0.06579554 0.0595293 0.0595293 0.01253248 0.02819809 0.02193185 0.02193185 0.04699681 0.03759745 0.04386369 0.05639618 0.0 0.02193185 0.1346079 0.15417366 0
0.06864177 0.00298442 0.05073522 0.03282867 0.00895327 0.06267292 0.01492212 0.06565735 0.06267292 0.08057947 0.01790655 0.0358131 0.00895327 0.04178195 0.0119377 0.03282867 0.0358131 0.07759505 0.00298442 0.01492212 0.12406441 0.14475148 0
0.05211708 0.00781756 0.03648195 0.04690537 0.01563512 0.05993464 0.03127025 0.06254049 0.05211708 0.07035805 0.02866439 0.03127025 0.0338761 0.02866439 0.02084683 0.03908781 0.03908781 0.07035805 0.00260585 0.01042342 0.12588433 0.1340532 0
0.05581401 0.00377122 0.05128855 0.04902582 0.02941549 0.03922065 0.01885608 0.0452546 0.04223763 0.05581401 0.01357638 0.03092398 0.02941549 0.02564427 0.03243246 0.03922065 0.03695792 0.05581401 0.0173476 0.02941549 0.14552227 0.15303141 0
0.03585336 0.0 0.04182892 0.03983707 0.03784522 0.04780449 0.01792668 0.05178819 0.05975561 0.07569044 0.01593483 0.03983707 0.01991854 0.02788595 0.01991854 0.04780449 0.05378005 0.0557719 0.00398371 0.0258941 0.13829507 0.14264579 0
0.07414152 0.00322354 0.03223544 0.04835316 0.03062367 0.05641202 0.01772949 0.05157671 0.05318848 0.07091797 0.02095304 0.04512962 0.0290119 0.02417658 0.01611772 0.04512962 0.03868253 0.05157671 0.00322354 0.01450595 0.1350095 0.13808128 0
0.0577389 0.00412421 0.04536628 0.04124207 0.04124207 0.04536628 0.01649683 0.04124207 0.04536628 0.07423573 0.00824841 0.02886945 0.01649683 0.02886945 0.04949049 0.03711787 0.02062104 0.0577389 0.0 0.02474524 0.14583404 0.16954755 0
0.04376046 0.00364671 0.03282035 0.01823353 0.03646705 0.03282035 0.03646705 0.0692874 0.06199399 0.04011376 0.01823353 0.04011376 0.03646705 0.03646705 0.03646705 0.05105387 0.03282035 0.04011376 0.0 0.05105387 0.1396713 0.1419278 0
0.05135037 0.00223262 0.02009362 0.01562837 0.0625135 0.071444 0.02009362 0.0803745 0.03795462 0.1160965 0.02232625 0.01562837 0.01562837 0.02902412 0.01562837 0.03795462 0.0446525 0.06028087 0.01562837 0.02232625 0.12421398 0.11892615 0
0.04305987 0.00269124 0.05382484 0.03767739 0.02960366 0.04575111 0.01076497 0.06728105 0.04036863 0.07266353 0.04036863 0.04844236 0.01614745 0.02422118 0.0322949 0.05920732 0.03767739 0.05382484 0.0 0.00807373 0.12799976 0.14805614 0
0.10202372 0.00868287 0.04341435 0.04775578 0.01953646 0.05860937 0.02387789 0.04775578 0.03473148 0.08465798 0.01736574 0.02387789 0.02604861 0.02821933 0.02604861 0.03256076 0.01953646 0.05860937 0.00217072 0.02387789 0.13713145 0.1335075 0
0.04174556 0.00736686 0.03683432 0.05402366 0.02701183 0.04174556 0.01718935 0.05402366 0.06384615 0.0810355 0.00491124 0.02701183 0.02455621 0.02701183 0.03928994 0.04174556 0.04420118 0.0343787 0.00245562 0.04174556 0.13919026 0.14867962 0
0.06186585 0.00268982 0.0134491 0.04034729 0.04841675 0.03496765 0.00537964 0.06186585 0.06455567 0.10221314 0.02420838 0.02958801 0.02689819 0.03227783 0.04303711 0.04034729 0.02689819 0.02958801 0.0134491 0.02689819 0.13657404 0.13448489 0
0.05651237 0.0 0.04492009 0.07534983 0.03332781 0.04492009 0.01738842 0.0492672 0.05651237 0.06230851 0.02028649 0.03042974 0.0289807 0.02608263 0.03332781 0.02753167 0.0289807 0.0289807 0.01014325 0.02753167 0.146032 0.15118594 0
0.0742835 0.00464272 0.05880777 0.04952234 0.04487962 0.04178447 0.01547573 0.05106991 0.05261748 0.03868933 0.01547573 0.03249903 0.01547573 0.0170233 0.03249903 0.0232136 0.04333204 0.04333204 0.01083301 0.02630874 0.151611 0.15662387 0
0.07713303 0.00096416 0.04627982 0.07038389 0.02121158 0.05302896 0.01446244 0.05688561 0.05302896 0.0520648 0.01639077 0.01542661 0.02699656 0.02410407 0.03567403 0.03278154 0.03278154 0.05592145 0.00096416 0.01735493 0.14776255 0.14839852 0
0.05009768 0.01541467 0.04624401 0.04624401 0.03660984 0.09441485 0.02119517 0.02697567 0.05587818 0.02697567 0.01348784 0.03660984 0.03468301 0.04046351 0.02890251 0.04046351 0.04046351 0.04624401 0.0 0.02504884 0.13626792 0.13731574 0
0.05278007 0.00406001 0.05278007 0.05684007 0.02436003 0.05278007 0.01624002 0.05481007 0.03045004 0.0812001 0.03045004 0.01624002 0.02436003 0.02030003 0.04669006 0.01827002 0.04872006 0.03654005 0.0 0.03045004 0.14755864 0.15412047 0
0.08776774 0.00139314 0.05711869 0.04736672 0.0250765 0.04458044 0.01532453 0.05433241 0.04597358 0.05154613 0.01532453 0.02786277 0.02786277 0.02646964 0.03064905 0.03064905 0.04458044 0.05711869 0.00557255 0.02089708 0.13984422 0.14268935 0
0.08274402 0.00217747 0.05443686 0.03266211 0.01741979 0.07185665 0.01306485 0.04572696 0.05879181 0.08056655 0.01741979 0.03919454 0.01524232 0.02177474 0.02395222 0.03919454 0.03483959 0.05443686 0.0 0.01741979 0.14096324 0.1361153 0
0.05729941 0.00204641 0.03683534 0.04706738 0.01432485 0.04297456 0.01637126 0.06957786 0.06548504 0.0798099 0.01432485 0.03888174 0.01637126 0.04297456 0.0266033 0.03274252 0.0532066 0.0532066 0.0 0.01432485 0.13213527 0.14343643 0
0.05389647 0.0 0.03368529 0.05389647 0.05389647 0.02694823 0.00673706 0.04042235 0.05389647 0.0808447 0.04042235 0.05389647 0.02021117 0.01347412 0.04715941 0.04715941 0.05389647 0.02021117 0.0 0.02021117 0.12958457 0.1495502 0
0.04343536 0.0 0.04964041 0.04343536 0.04136701 0.02482021 0.01861516 0.05377712 0.03723031 0.09721248 0.00620505 0.03102526 0.02482021 0.03929866 0.03723031 0.04757206 0.04343536 0.04964041 0.0 0.02275186 0.14341914 0.14506825 0
0.0667838 0.0 0.04714151 0.12571068 0.00785692 0.01571384 0.01571384 0.01964229 0.04714151 0.07856918 0.01964229 0.03142767 0.01964229 0.04714151 0.03928459 0.03142767 0.02357075 0.05106997 0.0 0.01571384 0.13972768 0.15707818 0
0.08007474 0.0 0.06692814 0.05975727 0.01912233 0.05975727 0.00239029 0.04541552 0.06453785 0.05736698 0.0131466 0.0262932 0.02270776 0.03346407 0.01912233 0.04183009 0.05378154 0.05617183 0.00119515 0.00836602 0.13064118 0.13792985 0
0.07343373 0.0 0.04751594 0.04751594 0.01943834 0.04751594 0.01511871 0.05615521 0.05831502 0.05831502 0.01727853 0.0410365 0.01943834 0.01727853 0.03239724 0.03455705 0.04535613 0.06263465 0.0 0.02591779 0.13494914 0.14583224 0
0.03850588 0.0 0.05684202 0.08067899 0.02016975 0.03300504 0.00733445 0.04400672 0.04584034 0.0678437 0.01650252 0.0275042 0.02383697 0.0275042 0.05317479 0.02383697 0.04033949 0.05867563 0.00366723 0.01100168 0.1553503 0.16437913 0
0.0574743 0.0 0.0405701 0.02873715 0.02366589 0.0405701 0.00507126 0.04226052 0.04564136 0.05240304 0.00676168 0.06085515 0.02366589 0.03042757 0.01859463 0.07437851 0.12509113 0.0574743 0.00507126 0.02704673 0.11763922 0.11660021 0
0.03492457 0.01239259 0.03267137 0.05970975 0.02365858 0.04506397 0.01577239 0.06421615 0.04281077 0.06984915 0.01802559 0.02703838 0.03492457 0.03492457 0.03267137 0.04281077 0.04281077 0.04731716 0.0045064 0.03379797 0.13980874 0.14029442 0
0.06146572 0.0070922 0.03309693 0.04964539 0.01891253 0.06146572 0.01654846 0.05437352 0.05437352 0.08274232 0.0141844 0.03073286 0.02836879 0.03309693 0.00945626 0.04964539 0.04018913 0.06382979 0.00236407 0.0212766 0.1286356 0.13850387 0
0.02532359 0.00562746 0.02532359 0.0787845 0.03095105 0.04501971 0.01688239 0.05908837 0.05627464 0.0703433 0.02250986 0.02532359 0.00562746 0.03939225 0.03657852 0.04783344 0.05908837 0.03939225 0.0 0.01688239 0.13797909 0.15577418 0
0.07391459 0.00492764 0.06898696 0.03942112 0.01971056 0.05420404 0.01971056 0.05913168 0.06405932 0.04434876 0.02956584 0.03942112 0.0 0.00985528 0.03449348 0.0246382 0.02956584 0.06898696 0.0 0.01478292 0.1448241 0.15545107 0
0.05800121 0.01242883 0.05385826 0.05385826 0.03314355 0.06214415 0.0290006 0.04557238 0.07043004 0.05385826 0.01657177 0.0290006 0.01657177 0.00828589 0.01657177 0.0290006 0.03314355 0.05800121 0.00414294 0.02485766 0.14360031 0.14795636 0
0.07606091 0.00651951 0.04780972 0.06084873 0.0282512 0.04129021 0.00651951 0.0282512 0.0630219 0.0695414 0.01521218 0.01955852 0.02390486 0.03694387 0.02390486 0.03259753 0.03911704 0.04563655 0.00869268 0.03259753 0.14291326 0.15080686 0
0.09693328 0.0 0.02423332 0.0605833 0.00605833 0.04240831 0.00605833 0.0605833 0.03634998 0.04240831 0.04846664 0.04240831 0.05452497 0.03634998 0.01211666 0.07269996 0.07875829 0.0605833 0.0 0.00605833 0.10653891 0.10587818 0
0.04166809 0.00308652 0.0370383 0.04321135 0.04012482 0.0370383 0.01388936 0.05864397 0.05864397 0.07561986 0.02006241 0.02314894 0.02623546 0.02777872 0.0246922 0.03395177 0.03858156 0.05092766 0.00771631 0.0493844 0.14257043 0.14598556 0
0.06167908 0.0 0.03426615 0.04797262 0.00685323 0.02055969 0.02055969 0.04797262 0.06853231 0.06167908 0.02055969 0.02055969 0.03426615 0.01370646 0.06167908 0.02741292 0.07538554 0.05482585 0.0 0.02055969 0.16301713 0.13795334 0
0.09391373 0.0 0.01633282 0.05716488 0.01633282 0.0734977 0.00408321 0.02858244 0.04491526 0.04491526 0.01224962 0.02449923 0.02041603 0.00816641 0.05716488 0.02858244 0.02858244 0.11024655 0.0 0.0 0.1632704 0.16708389 0
0.03682145 0.0 0.02008443 0.05021106 0.02677923 0.06025328 0.01004221 0.02677923 0.04686366 0.0803377 0.01004221 0.03347404 0.02677923 0.02677923 0.06694808 0.04351625 0.02343183 0.06025328 0.0033474 0.02677923 0.15876026 0.16171668 0
0.04997282 0.0 0.01998913 0.01499185 0.00499728 0.05996739 0.02498641 0.03498098 0.0849538 0.04997282 0.00999456 0.02998369 0.04497554 0.01998913 0.06496467 0.03997826 0.04497554 0.06496467 0.0 0.01998913 0.16018057 0.15519176 0
0.07675452 0.0 0.03684217 0.04298253 0.00614036 0.06140361 0.01842108 0.05526325 0.05833343 0.04605271 0.01228072 0.02456144 0.0153509 0.03070181 0.04912289 0.01842108 0.03070181 0.04912289 0.01228072 0.02149126 0.17122907 0.16254174 0
0.11873903 0.0 0.01130848 0.03392544 0.01696272 0.06219663 0.0282712 0.03957968 0.05654239 0.0282712 0.01696272 0.0282712 0.03957968 0.01130848 0.06219663 0.05088815 0.05088815 0.05654239 0.00565424 0.0 0.13952401 0.14238759 0
0.04909572 0.00545508 0.05182326 0.04909572 0.0136377 0.04364064 0.0 0.09000882 0.0409131 0.07637112 0.01636524 0.04364064 0.0136377 0.01909278 0.03545802 0.05727834 0.04636818 0.03000294 0.00272754 0.0272754 0.13993924 0.14817281 0
0.0 0.05371313 0.0 0.01790438 0.0 0.03580875 0.01790438 0.05371313 0.08952188 0.0 0.03580875 0.03580875 0.0716175 0.03580875 0.08952188 0.01790438 0.01790438 0.08952188 0.0 0.01790438 0.16843509 0.15119862 0
0.05897933 0.0 0.03370248 0.03370248 0.02527686 0.03370248 0.0 0.03370248 0.07583057 0.03370248 0.02527686 0.02527686 0.01685124 0.02527686 0.09268181 0.02527686 0.0421281 0.05897933 0.0 0.02527686 0.15265024 0.18172585 0
0.04638068 0.0 0.02319034 0.05797585 0.03478551 0.01159517 0.0 0.0 0.13914204 0.03478551 0.01159517 0.01159517 0.01159517 0.01159517 0.1159517 0.06957102 0.03478551 0.04638068 0.0 0.01159517 0.13446083 0.19301929 0
0.03288446 0.0 0.02466335 0.05480744 0.01644223 0.04932669 0.01370186 0.07399004 0.06576892 0.09591301 0.02192297 0.03288446 0.02466335 0.03014409 0.02740372 0.0383652 0.04384595 0.0383652 0.00822112 0.0191826 0.13596074 0.1515426 0
0.04361662 0.0 0.04591223 0.05509468 0.02525173 0.04820785 0.02525173 0.05509468 0.06657274 0.06198152 0.01606928 0.02754734 0.02525173 0.03443418 0.03443418 0.03672979 0.02525173 0.05739029 0.00229561 0.02066051 0.15165938 0.1412922 0
0.04423875 0.00552984 0.02764922 0.01935446 0.03870891 0.05253352 0.00829477 0.09124243 0.0248843 0.08847751 0.01935446 0.0248843 0.03317907 0.01658953 0.04423875 0.03041414 0.02211938 0.05529844 0.01935446 0.0497686 0.13391704 0.14996813 0
0.04648914 0.00619855 0.02169493 0.02479421 0.06198552 0.04338986 0.00929783 0.06818407 0.04338986 0.10847466 0.02479421 0.04338986 0.02479421 0.0123971 0.0123971 0.03409204 0.05268769 0.05578697 0.0123971 0.03409204 0.13604994 0.12322309 0
0.10581731 0.0 0.06172676 0.05731771 0.01322716 0.03086338 0.00440905 0.05731771 0.07936298 0.09259014 0.00881811 0.03968149 0.0 0.03968149 0.01763622 0.0484996 0.03086338 0.03086338 0.00440905 0.00440905 0.13576018 0.13674583 0
0.04802568 0.00400214 0.05202782 0.06403424 0.02401284 0.00800428 0.00400214 0.07203852 0.07203852 0.09204922 0.01600856 0.02401284 0.00400214 0.04802568 0.02801498 0.04802568 0.03201712 0.05602996 0.0 0.01600856 0.13683252 0.15078652 0
0.06819578 0.00243556 0.04871127 0.05114684 0.01704895 0.03166233 0.01461338 0.06819578 0.05114684 0.05601797 0.02435564 0.0267912 0.01948451 0.02435564 0.02922676 0.06332466 0.04871127 0.03896902 0.0 0.0267912 0.14130478 0.14751062 0
0.07561505 0.0 0.05545104 0.07057405 0.005041 0.03024602 0.03024602 0.06553305 0.05545104 0.05041004 0.01512301 0.03528703 0.01512301 0.02016401 0.05545104 0.02016401 0.02016401 0.06553305 0.005041 0.005041 0.15404154 0.15029995 0
0.05094224 0.0 0.07004559 0.07004559 0.02547112 0.0 0.00636778 0.06367781 0.05094224 0.05731003 0.03820668 0.04457446 0.01273556 0.01910334 0.0318389 0.0318389 0.0318389 0.02547112 0.0 0.07004559 0.1426286 0.15691554 0
0.06052238 0.00576404 0.0475533 0.04467128 0.02882018 0.03746623 0.02017413 0.05764036 0.04611229 0.05475834 0.0158511 0.04467128 0.03026119 0.02449715 0.0317022 0.03746623 0.03458422 0.0475533 0.00720504 0.03026119 0.14345352 0.14901106 0
0.0637429 0.00172278 0.04134674 0.0361784 0.03101006 0.04651509 0.01205947 0.02928728 0.08958461 0.06202012 0.01895059 0.04996065 0.0275645 0.02411893 0.01033669 0.03790118 0.04823787 0.04651509 0.01378225 0.03273284 0.13991063 0.13652134 0
0.06756096 0.0 0.01299249 0.01559099 0.07275795 0.06496246 0.0 0.08055345 0.04157597 0.09614444 0.02078799 0.03378048 0.02338648 0.02338648 0.00779549 0.04677297 0.04417447 0.05716696 0.01559099 0.02858348 0.12762709 0.11880839 0
0.04688944 0.0 0.02758202 0.01103281 0.05240584 0.04137303 0.00827461 0.09102068 0.04688944 0.09377888 0.04137303 0.03861483 0.03585663 0.01379101 0.01379101 0.04413124 0.04413124 0.04964764 0.01654921 0.04688944 0.11078908 0.12518887 0
0.05821309 0.00187784 0.04882388 0.05257956 0.03380115 0.05070172 0.01690057 0.04319036 0.05257956 0.06009093 0.02441194 0.02816762 0.0225341 0.01877842 0.03755683 0.04131251 0.03943467 0.05633525 0.0 0.02065626 0.14955187 0.14250187 0
0.03082978 0.0051383 0.02826063 0.03596808 0.04624468 0.03339893 0.01541489 0.06165957 0.06165957 0.07964361 0.01541489 0.05138297 0.01798404 0.02826063 0.02569149 0.08735105 0.02312234 0.02312234 0.0051383 0.03853723 0.14457056 0.14120612 0
0.06273395 0.00184512 0.04243767 0.06088884 0.03321209 0.03874744 0.01476093 0.06088884 0.04797302 0.06088884 0.00738046 0.03505721 0.02398651 0.03136698 0.02952186 0.03136698 0.02952186 0.06273395 0.00553535 0.02398651 0.13820074 0.15696486 0
0.0419696 0.00331339 0.04086514 0.04970084 0.03423836 0.01325356 0.01435802 0.06184994 0.05853655 0.09719276 0.01214909 0.03755175 0.01767141 0.04086514 0.02650712 0.04859638 0.04638745 0.03644728 0.00110446 0.03534282 0.13179307 0.15030588 0
0.06992804 0.00749229 0.03246659 0.04245631 0.03995888 0.0749229 0.01748201 0.05494346 0.03746145 0.04245631 0.01248715 0.03246659 0.03496402 0.0249743 0.01748201 0.03746145 0.05494346 0.05744089 0.00499486 0.03496402 0.13494443 0.13330857 0
0.04522729 0.00452273 0.04070456 0.0384432 0.02261364 0.04522729 0.02261364 0.08140912 0.06105684 0.07688639 0.01809092 0.04070456 0.03618183 0.02487501 0.02035228 0.04975002 0.0316591 0.03618183 0.0 0.02713637 0.13146031 0.14490306 0
0.08294951 0.00518434 0.04795518 0.0375865 0.02203346 0.05961996 0.01166477 0.06091604 0.04795518 0.06998865 0.01555303 0.04536301 0.03369824 0.01296086 0.02592172 0.01944129 0.04406693 0.05832387 0.00388826 0.01555303 0.1384374 0.14093875 0
0.04202194 0.0 0.04802508 0.08104232 0.02401254 0.01200627 0.0180094 0.06603448 0.06603448 0.09304859 0.02101097 0.01500784 0.01500784 0.03301724 0.02701411 0.03001567 0.03001567 0.05102664 0.00300157 0.03001567 0.14812864 0.14650303 0
0.04743593 0.0 0.04743593 0.07662727 0.01824459 0.0218935 0.0 0.04743593 0.05473376 0.10581861 0.01094675 0.04013809 0.0218935 0.03648917 0.02554242 0.07297835 0.03284026 0.03284026 0.0 0.02919134 0.13525242 0.14226192 0
0.04576666 0.00326905 0.04903571 0.0555738 0.03595952 0.04249761 0.01144166 0.04086309 0.05230475 0.06374642 0.01471071 0.02615238 0.02615238 0.03269047 0.04086309 0.03759404 0.03759404 0.05230475 0.00163452 0.03105595 0.14698925 0.15180015 0
0.06835651 0.00683565 0.0273426 0.04784956 0.03873536 0.02962115 0.0273426 0.05240666 0.04784956 0.07291361 0.0091142 0.0136713 0.05240666 0.05012811 0.0273426 0.04101391 0.03417825 0.03417825 0.0091142 0.0364568 0.12884401 0.14429844 0
0.05407043 0.00772435 0.05407043 0.06179478 0.00772435 0.07724347 0.00772435 0.03089739 0.06179478 0.07724347 0.00772435 0.01544869 0.01544869 0.03862174 0.02317304 0.02317304 0.04634608 0.12358955 0.0 0.0 0.12008009 0.14610695 0
0.05230349 0.00298877 0.05529226 0.04184279 0.04931472 0.05678664 0.01942701 0.03885402 0.04034841 0.06575296 0.02391017 0.02689894 0.02540455 0.02839332 0.02391017 0.02689894 0.03586525 0.04632595 0.01195508 0.03885402 0.14189397 0.1467786 0
0.02715002 0.00826305 0.04839786 0.04603699 0.0330522 0.04249568 0.01534566 0.05902178 0.06728483 0.06492396 0.01298479 0.04485656 0.0330522 0.0330522 0.04367612 0.02478915 0.02951089 0.03895438 0.00236087 0.02715002 0.14252031 0.15512045 0
0.060542 0.0 0.05028064 0.06977722 0.03796702 0.03283634 0.0143659 0.04104542 0.04309769 0.0749079 0.0174443 0.02667952 0.0174443 0.02770566 0.03694088 0.03591474 0.03386247 0.05335905 0.00307841 0.01949658 0.14954471 0.15370924 0
0.05697905 0.00683749 0.02507078 0.07521235 0.02734994 0.04558324 0.01367497 0.03190827 0.02507078 0.06837486 0.0182333 0.02962911 0.03190827 0.03874575 0.04102492 0.03646659 0.03190827 0.03646659 0.01367497 0.04102492 0.15104193 0.15381366 0
0.07192297 0.0071923 0.04135571 0.0629326 0.01618267 0.04315378 0.01618267 0.04315378 0.05753837 0.0629326 0.00539422 0.03596148 0.03056726 0.02337496 0.01977882 0.03416341 0.03236533 0.06652874 0.01258652 0.02876919 0.14628122 0.14168142 0
0.05324383 0.01014168 0.04563757 0.07606262 0.02281879 0.05577925 0.01014168 0.04563757 0.05831467 0.06085009 0.01774794 0.02028336 0.01521252 0.03296047 0.01774794 0.06338551 0.04563757 0.05831467 0.0 0.02535421 0.13235646 0.13237157 0
0.03090686 0.00441527 0.0132458 0.06181372 0.03973739 0.04415266 0.00883053 0.05298319 0.07947478 0.09272058 0.02207633 0.02207633 0.01766106 0.03973739 0.03090686 0.05298319 0.02649159 0.03532213 0.0 0.02649159 0.14327642 0.15469633 0
0.01777241 0.0 0.04344367 0.03751954 0.03751954 0.03357011 0.01974712 0.05529195 0.06911493 0.09873562 0.00789885 0.05134252 0.0157977 0.04541839 0.02962069 0.05529195 0.03751954 0.03357011 0.00197471 0.02567126 0.14340031 0.13977908 0
0.0303253 0.0 0.05054217 0.06317771 0.02527108 0.05054217 0.01516265 0.06823193 0.04548795 0.07834036 0.02021687 0.0303253 0.02021687 0.02527108 0.04043373 0.05054217 0.03790663 0.04043373 0.00758133 0.00758133 0.15005885 0.1423508 0
0.04360675 0.0 0.03334634 0.06669267 0.04360675 0.06412757 0.01026041 0.04873695 0.04873695 0.07695309 0.02052082 0.02565103 0.02821613 0.02821613 0.02821613 0.04360675 0.04104165 0.05386716 0.0025651 0.01026041 0.13489874 0.14687247 0
0.05592339 0.00447387 0.03690944 0.05816033 0.01677702 0.05256799 0.01230315 0.06039727 0.05033106 0.0626342 0.02125089 0.03355404 0.02572476 0.02572476 0.04362025 0.03802791 0.04362025 0.03690944 0.00223694 0.02460629 0.15082979 0.14341696 0
0.05079383 0.0 0.02770573 0.06926432 0.02308811 0.05079383 0.00923524 0.06926432 0.12467577 0.0646467 0.00461762 0.01847048 0.01385286 0.03694097 0.01847048 0.03232335 0.02770573 0.04155859 0.0 0.00923524 0.16675307 0.14060376 0
0.07615517 0.0 0.03495647 0.06117383 0.02996269 0.03620492 0.01622979 0.05243471 0.05368315 0.0686645 0.01123601 0.03870181 0.02247202 0.02996269 0.02871425 0.03620492 0.02871425 0.03995025 0.00873912 0.02871425 0.14619748 0.15092773 0
0.04513773 0.0050153 0.03510712 0.07021425 0.02507652 0.03510712 0.02006121 0.05516834 0.05516834 0.10030607 0.01003061 0.03510712 0.01003061 0.03009182 0.03009182 0.05516834 0.04513773 0.04012243 0.0 0.02507652 0.12936541 0.1434156 0
0.05665951 0.0 0.0498942 0.05158552 0.02706126 0.03382657 0.01606762 0.0473572 0.0473572 0.08794909 0.01945028 0.03128958 0.02029594 0.03128958 0.02875259 0.05496818 0.04397454 0.04143755 0.00253699 0.02621559 0.13543851 0.14659248 0
0.04812993 0.00546931 0.031722 0.06453786 0.0229711 0.03500358 0.01422021 0.06125627 0.05250537 0.07328875 0.01859565 0.03937903 0.02187724 0.03500358 0.03500358 0.04812993 0.04047289 0.03719131 0.00109386 0.02625269 0.1425583 0.14533757 0
0.0494934 0.0 0.0494934 0.0494934 0.02969604 0.05444274 0.0 0.03959472 0.06434142 0.06929076 0.01979736 0.0247467 0.0247467 0.03464538 0.03959472 0.0247467 0.0247467 0.06929076 0.0 0.01979736 0.15599327 0.15604843 0
0.08260855 0.0 0.01475153 0.03835397 0.04720489 0.06490672 0.02065214 0.1121116 0.03835397 0.08850916 0.03540366 0.01770183 0.03245336 0.01475153 0.00295031 0.05900611 0.04720489 0.03835397 0.00590061 0.01770183 0.10296369 0.11815569 0
0.06536769 0.00225406 0.05184334 0.06762175 0.01803247 0.06085957 0.01127029 0.05635146 0.03155682 0.06536769 0.01803247 0.02254058 0.01352435 0.0270487 0.01352435 0.03155682 0.05635146 0.06762175 0.01127029 0.02254058 0.13810577 0.14735777 0
0.0829471 0.0 0.05618997 0.06421711 0.01605428 0.04013569 0.01337856 0.06956853 0.05351426 0.04548712 0.01605428 0.02675713 0.0214057 0.03478427 0.03478427 0.01337856 0.02675713 0.06154139 0.00802714 0.01337856 0.14320846 0.15843051 0
0.10814654 0.0 0.04081001 0.07753903 0.02244551 0.04693152 0.008162 0.03468851 0.06937702 0.05305302 0.02448601 0.03672901 0.012243 0.02244551 0.01632401 0.02040501 0.03264801 0.06529602 0.0020405 0.01632401 0.14428904 0.14561672 0
0.04980684 0.0 0.01992274 0.04648639 0.02656365 0.0830114 0.01328182 0.04316593 0.07305003 0.02656365 0.01660228 0.0298841 0.03320456 0.0298841 0.03652502 0.02324319 0.04316593 0.08965231 0.0 0.00664091 0.1459842 0.16336093 0
0.09794384 0.0 0.01224298 0.04897192 0.02448596 0.02448596 0.00612149 0.03672894 0.06733639 0.04285043 0.01836447 0.05509341 0.03060745 0.0 0.0612149 0.03672894 0.0612149 0.07345788 0.0 0.0 0.15615426 0.14599588 0
0.0707705 0.0 0.00471803 0.0566164 0.02359017 0.06605247 0.01887213 0.03774427 0.08020657 0.02359017 0.0283082 0.00471803 0.0283082 0.00943607 0.06605247 0.01887213 0.0283082 0.05189837 0.0141541 0.0141541 0.17731629 0.17631315 0
0.06771823 0.0 0.0290221 0.09674033 0.0290221 0.01934807 0.0 0.01934807 0.10641436 0.0870663 0.00967403 0.01934807 0.0 0.06771823 0.03869613 0.00967403 0.0290221 0.03869613 0.0 0.0 0.17952357 0.15296816 0
0.03917127 0.0 0.03133702 0.05483978 0.00783425 0.02350276 0.01566851 0.05483978 0.07834255 0.02350276 0.02350276 0.03133702 0.01566851 0.00783425 0.07834255 0.02350276 0.04700553 0.09401106 0.0 0.02350276 0.15138405 0.17487003 0
0.07223083 0.0 0.03889352 0.03333731 0.02222487 0.07223083 0.0 0.06111839 0.06111839 0.03333731 0.01111244 0.02222487 0.02222487 0.01111244 0.06111839 0.04444974 0.02778109 0.07778705 0.0 0.00555622 0.1538481 0.16829335 0
0.04746357 0.0 0.03390255 0.04068306 0.01356102 0.0678051 0.01356102 0.03390255 0.12204918 0.02034153 0.00678051 0.04746357 0.02712204 0.02034153 0.02034153 0.01356102 0.0 0.14239071 0.0 0.01356102 0.15198199 0.16318648 0
0.05818938 0.0 0.03491363 0.04655151 0.03103434 0.05431009 0.00387929 0.03491363 0.06594797 0.07370655 0.01939646 0.03879292 0.02715505 0.01163788 0.03879292 0.02715505 0.04267221 0.07370655 0.0 0.01551717 0.15417281 0.1475546 0
0.0639297 0.0426198 0.0 0.0213099 0.03196485 0.03196485 0.01065495 0.01065495 0.1065495 0.0213099 0.0213099 0.0 0.03196485 0.0213099 0.0639297 0.05327475 0.03196485 0.0426198 0.01065495 0.03196485 0.17036623 0.17968185 0
0.0414234 0.00517792 0.03624547 0.05177925 0.01553377 0.0621351 0.00517792 0.0828468 0.05177925 0.04660132 0.01035585 0.03624547 0.0207117 0.0207117 0.05177925 0.02588962 0.03624547 0.0621351 0.00517792 0.01553377 0.1517467 0.16476721 0
0.03843715 0.0 0.01153114 0.06918687 0.01153114 0.08071801 0.01153114 0.04612458 0.07303058 0.03459343 0.01537486 0.03459343 0.03459343 0.01153114 0.04228086 0.01921857 0.04996829 0.08071801 0.0 0.01921857 0.16375017 0.15206856 0
0.07536436 0.0 0.04058081 0.02898629 0.01739178 0.06376985 0.01159452 0.03478355 0.0695671 0.04637807 0.00579726 0.02318903 0.01159452 0.01739178 0.0695671 0.04058081 0.03478355 0.07536436 0.0 0.01739178 0.16282029 0.15310319 0
0.07148493 0.0 0.02382831 0.02382831 0.0 0.04765662 0.01191416 0.07148493 0.07148493 0.05957078 0.02382831 0.03574247 0.02382831 0.02382831 0.03574247 0.04765662 0.04765662 0.09531325 0.0 0.0 0.14524737 0.13990329 0
0.06083298 0.0 0.00935892 0.0467946 0.0233973 0.09826867 0.00467946 0.04211514 0.07955082 0.05147406 0.00467946 0.03743568 0.01871784 0.0233973 0.0467946 0.0467946 0.03743568 0.0467946 0.0 0.00467946 0.16054003 0.15625877 0
0.02869727 0.0 0.02869727 0.06696029 0.01913151 0.04782878 0.00956576 0.06696029 0.05739453 0.03826302 0.03826302 0.02869727 0.01913151 0.00956576 0.04782878 0.01913151 0.05739453 0.07652604 0.0 0.02869727 0.17773375 0.13353188 0
0.06167125 0.0 0.04485182 0.03363886 0.0 0.06167125 0.00560648 0.06167125 0.06727773 0.04485182 0.01121295 0.03363886 0.01681943 0.01121295 0.08409716 0.02803239 0.02803239 0.06727773 0.0 0.01681943 0.16581221 0.15580405 0
0.08382999 0.0 0.02619687 0.06287249 0.01571812 0.03143625 0.00523937 0.04715437 0.04715437 0.05239374 0.0209575 0.0209575 0.01571812 0.01571812 0.07859061 0.03667562 0.06287249 0.0209575 0.0 0.02619687 0.14838487 0.18097523 0
0.046382 0.00176134 0.05753716 0.05871139 0.02465878 0.05460159 0.01526496 0.04168508 0.04051086 0.0551887 0.02054899 0.03052992 0.03052992 0.01996187 0.04462065 0.03522683 0.03698817 0.05812427 0.00293557 0.0211361 0.14931902 0.15377682 0
0.06254838 0.0 0.04986965 0.05409589 0.02789319 0.04564341 0.01605972 0.03719093 0.04986965 0.06085788 0.01352397 0.02958369 0.03211944 0.02366695 0.0262027 0.02873844 0.04479816 0.0507149 0.02113121 0.02958369 0.14344164 0.15246651 0
0.02956457 0.01689404 0.04645861 0.07179967 0.02534106 0.01689404 0.00422351 0.05068212 0.05490563 0.03801159 0.00844702 0.03378808 0.01267053 0.02534106 0.07602318 0.06335265 0.03378808 0.06335265 0.0 0.01689404 0.14948238 0.16208549 0
0.06482975 0.0 0.05348455 0.04538083 0.02917339 0.04051859 0.00972446 0.06807124 0.04213934 0.03565636 0.01782818 0.02917339 0.03079413 0.02269041 0.04376008 0.03565636 0.04051859 0.07131273 0.00486223 0.02106967 0.1403104 0.1530453 0
0.07081923 0.0 0.05665539 0.07790116 0.02124577 0.01416385 0.02124577 0.07081923 0.04249154 0.06373731 0.01416385 0.04957346 0.00708192 0.00708192 0.04957346 0.01416385 0.02124577 0.04249154 0.00708192 0.02832769 0.15864589 0.16148948 0
0.0527174 0.0 0.03953805 0.03953805 0.03953805 0.05711052 0.0 0.03514493 0.01317935 0.03514493 0.01317935 0.09664857 0.02196558 0.05711052 0.0527174 0.0527174 0.04393117 0.04393117 0.00878623 0.01757247 0.13591615 0.14361269 0
0.03873427 0.0 0.03098742 0.07359512 0.02711399 0.05035456 0.00774685 0.05422798 0.04648113 0.0426077 0.02324056 0.02711399 0.03098742 0.02711399 0.02711399 0.03098742 0.0852154 0.06584826 0.0 0.03098742 0.1504765 0.12906602 0
0.03906263 0.00488283 0.03906263 0.07324243 0.03906263 0.02929697 0.00976566 0.04882829 0.05371111 0.09765657 0.00488283 0.02929697 0.00976566 0.01464849 0.05371111 0.05371111 0.0341798 0.02929697 0.00488283 0.02441414 0.14472612 0.16191223 0
0.06976106 0.0 0.01744027 0.0523208 0.04650737 0.0523208 0.01744027 0.06976106 0.04650737 0.05813422 0.00581342 0.03488053 0.01162684 0.02325369 0.04069395 0.07557448 0.01744027 0.02906711 0.00581342 0.01744027 0.14975438 0.15844842 0
0.04258392 0.0 0.07097319 0.08516783 0.02838928 0.0354866 0.01419464 0.04258392 0.04258392 0.04968123 0.02129196 0.04258392 0.02129196 0.01419464 0.02129196 0.0354866 0.04968123 0.07807051 0.00709732 0.00709732 0.14201714 0.14825093 0
0.06954859 0.0 0.0414332 0.06362956 0.02515587 0.04883199 0.0103583 0.05031174 0.04883199 0.05771053 0.01479757 0.04291296 0.02959514 0.03551417 0.02959514 0.03847369 0.02811539 0.03847369 0.00591903 0.02959514 0.1475187 0.14367763 0
0.02727269 0.0 0.05454539 0.05454539 0.02045452 0.03749995 0.01704543 0.05795447 0.07159082 0.08522717 0.02727269 0.02386361 0.04090904 0.03068178 0.03068178 0.01704543 0.02386361 0.05454539 0.00681817 0.03409087 0.13774236 0.14634942 0
0.07335795 0.00193047 0.03281803 0.03088756 0.02895709 0.04053992 0.01930472 0.05019228 0.0347485 0.06756654 0.01351331 0.02509614 0.02895709 0.05019228 0.04053992 0.03088756 0.06177512 0.04053992 0.00965236 0.02509614 0.14522961 0.14821747 0
0.03521598 0.00270892 0.04334274 0.07043195 0.02979813 0.01625353 0.01083568 0.05959627 0.10023008 0.09210332 0.00812676 0.02708921 0.00541784 0.04876058 0.02438029 0.0379249 0.03250705 0.01083568 0.00270892 0.04063382 0.14322831 0.15787002 0
0.07033422 0.0 0.03516711 0.09670956 0.00879178 0.04395889 0.0 0.06593833 0.07033422 0.03077122 0.01318767 0.01758356 0.01758356 0.02637533 0.02637533 0.05275067 0.03516711 0.06593833 0.0 0.02637533 0.14779146 0.1488663 0
0.04887818 0.00325855 0.05865381 0.05213672 0.01955127 0.04236109 0.00977564 0.05539527 0.04236109 0.09123926 0.00977564 0.02606836 0.02280982 0.02606836 0.05213672 0.01955127 0.04236109 0.04887818 0.00325855 0.01629273 0.14358094 0.16560751 0
0.1039376 0.0 0.03118128 0.04157504 0.0259844 0.05716568 0.0 0.04677192 0.06755944 0.03118128 0.03637816 0.03118128 0.0519688 0.0259844 0.02078752 0.03118128 0.05716568 0.06755944 0.0 0.00519688 0.13659177 0.13064812 0
0.09445702 0.0 0.04875201 0.03656401 0.02742301 0.05789301 0.0 0.03656401 0.07617501 0.04265801 0.018282 0.03656401 0.021329 0.021329 0.024376 0.018282 0.05179901 0.07008101 0.003047 0.012188 0.15373296 0.1485039 0
0.07494174 0.0 0.04121796 0.086183 0.01124126 0.02248252 0.01124126 0.05995339 0.07119465 0.0562063 0.01124126 0.03372378 0.02248252 0.01873543 0.04121796 0.04496504 0.02622961 0.05245922 0.0 0.00749417 0.14686508 0.15992382 0
0.04434212 0.0 0.06207897 0.1108553 0.03990791 0.03103948 0.02217106 0.03990791 0.03990791 0.06651318 0.02217106 0.02660527 0.01773685 0.03103948 0.02660527 0.03990791 0.03990791 0.03103948 0.0 0.0354737 0.13759368 0.13519555 0
0.0 0.04700654 0.0 0.04700654 0.0 0.01566885 0.04700654 0.06267539 0.14101963 0.04700654 0.01566885 0.06267539 0.04700654 0.03133769 0.03133769 0.06267539 0.03133769 0.03133769 0.0 0.03133769 0.13711898 0.11077635 0
0.04481484 0.0 0.04033336 0.04481484 0.01344445 0.05377781 0.01344445 0.04481484 0.08962968 0.06274078 0.01344445 0.04481484 0.01344445 0.03585187 0.05377781 0.00896297 0.03585187 0.04929632 0.00896297 0.02240742 0.16129094 0.14407904 0
0.06529669 0.00816209 0.04897252 0.05305356 0.02040522 0.07753982 0.00816209 0.06937773 0.03672939 0.05305356 0.02448626 0.01632417 0.03672939 0.01632417 0.03264835 0.00816209 0.03672939 0.05305356 0.0 0.03672939 0.14739183 0.15066874 0
0.04578798 0.00245293 0.04169976 0.06214082 0.0212587 0.0327057 0.01635285 0.0539644 0.04905855 0.09157595 0.01389992 0.0327057 0.01798813 0.04251741 0.04333505 0.04006448 0.03107041 0.04415269 0.00163528 0.01880578 0.14468744 0.15214008 0
0.05255179 0.0 0.03284487 0.05255179 0.05255179 0.0262759 0.00656897 0.03941384 0.05255179 0.07882769 0.04598282 0.05255179 0.01970692 0.01313795 0.05255179 0.04598282 0.05255179 0.01970692 0.0 0.01970692 0.13310315 0.1508787 0
0.03303203 0.0 0.06606405 0.04771293 0.04037248 0.05138315 0.0146809 0.06239383 0.04771293 0.06606405 0.01101068 0.05138315 0.03303203 0.0293618 0.01835113 0.02569158 0.03670225 0.02569158 0.0146809 0.0440427 0.14250297 0.13813293 0
0.0519649 0.00314939 0.0503902 0.05826367 0.04881551 0.05353959 0.02204571 0.04566612 0.04251674 0.05826367 0.01732163 0.0251951 0.03306857 0.02362041 0.03306857 0.03149388 0.03621796 0.03306857 0.00629878 0.03149388 0.14340151 0.15113562 0
0.03631693 0.00242113 0.05326482 0.04842257 0.03631693 0.03873805 0.01452677 0.03147467 0.04600144 0.08716062 0.01210564 0.02663241 0.02905354 0.02905354 0.04600144 0.05568595 0.04358031 0.05810708 0.00242113 0.01936903 0.13960335 0.14374266 0
0.05605689 0.0 0.04437837 0.05372119 0.02335704 0.03036415 0.01868563 0.07941393 0.05605689 0.07474252 0.01868563 0.04437837 0.01167852 0.02802844 0.03269985 0.05138548 0.03737126 0.02802844 0.0 0.01868563 0.14607375 0.14620802 0
0.00875037 0.0 0.04375187 0.05250225 0.05250225 0.05250225 0.01750075 0.02625112 0.070003 0.02625112 0.01750075 0.00875037 0.0350015 0.02625112 0.04375187 0.06125262 0.070003 0.04375187 0.0 0.04375187 0.1611707 0.13879934 0
0.06285758 0.0 0.04190505 0.04452412 0.03666692 0.04714318 0.0078572 0.04190505 0.04714318 0.07333384 0.01309533 0.02880972 0.03666692 0.02880972 0.03142879 0.03928599 0.02095253 0.03142879 0.01833346 0.03666692 0.14889129 0.16229441 0
0.02839169 0.0 0.01135668 0.05110504 0.01703501 0.05110504 0.01703501 0.0454267 0.0454267 0.03407003 0.01135668 0.01703501 0.02839169 0.03407003 0.08517507 0.03407003 0.0454267 0.07949673 0.0 0.01703501 0.18381687 0.16317429 0
0.0479003 0.0 0.04175923 0.09825702 0.03438996 0.01473855 0.01351034 0.06263885 0.04298745 0.07123634 0.00859749 0.04912851 0.01596677 0.03070532 0.03807459 0.04667208 0.02824889 0.03930281 0.00245643 0.01842319 0.14465089 0.150355 0
0.07586902 0.0 0.03793451 0.05590349 0.02795174 0.0299483 0.00598966 0.04791727 0.04592072 0.07387246 0.01197932 0.04991383 0.0299483 0.02395864 0.03194485 0.02795174 0.0299483 0.04791727 0.00598966 0.03593796 0.14966676 0.15353622 0
0.05465668 0.0 0.04591161 0.04809788 0.04591161 0.03716654 0.02623521 0.05465668 0.05465668 0.08089189 0.01093134 0.02186267 0.01967641 0.02842148 0.03060774 0.04153908 0.04372535 0.02842148 0.00218627 0.02404894 0.15052114 0.14987331 0
0.05221529 0.00652691 0.05221529 0.04568838 0.03916147 0.04568838 0.00979037 0.05547874 0.06200566 0.06200566 0.01958073 0.0293711 0.02610764 0.00979037 0.03589801 0.03263456 0.03916147 0.06526911 0.0 0.01305382 0.14677304 0.15158402 0
0.05110691 0.0 0.04745641 0.04380592 0.04380592 0.05840789 0.03285444 0.02920395 0.04380592 0.08396135 0.02555345 0.04015543 0.01460197 0.02555345 0.03285444 0.03285444 0.04380592 0.05110691 0.0 0.00730099 0.15649615 0.13530814 0
0.07886054 0.0 0.04114463 0.0548595 0.02400103 0.05143079 0.00685744 0.06514566 0.06171694 0.05828822 0.01028616 0.02400103 0.03085847 0.02057231 0.02057231 0.03085847 0.0548595 0.05143079 0.00685744 0.02400103 0.14377356 0.13962417 0
0.02562593 0.01025037 0.05637705 0.06150224 0.02562593 0.01537556 0.01025037 0.06150224 0.03587631 0.0768778 0.02050075 0.03587631 0.02562593 0.02562593 0.06662742 0.06150224 0.03587631 0.03587631 0.00512519 0.01025037 0.14854134 0.1493081 0
0.13189982 0.0 0.01758664 0.03517328 0.01758664 0.00879332 0.00879332 0.04396661 0.11431317 0.04396661 0.01758664 0.07034657 0.00879332 0.01758664 0.05275993 0.08793321 0.0 0.00879332 0.0 0.0 0.15663945 0.1574815 0
0.0254801 0.0 0.04864382 0.04632745 0.03937833 0.02084735 0.01389824 0.07180755 0.05790931 0.08107304 0.01158186 0.05559294 0.0254801 0.02779647 0.03011284 0.06254206 0.0254801 0.0254801 0.00694912 0.03242922 0.13844018 0.15274981 0
0.05910132 0.0 0.05122114 0.0807718 0.01182026 0.03940088 0.01182026 0.03743084 0.05122114 0.05713128 0.01970044 0.0315207 0.0177304 0.04137092 0.04334097 0.03546079 0.02955066 0.06107136 0.00197004 0.02561057 0.15157915 0.14117506 0
0.04709728 0.00336409 0.04373319 0.03364091 0.04373319 0.05046137 0.01009227 0.06728183 0.05046137 0.06391773 0.01682046 0.03364091 0.01682046 0.03027682 0.03364091 0.05046137 0.05046137 0.04373319 0.0 0.02691273 0.13621162 0.14723694 0
0.07547976 0.0068618 0.04803257 0.05489437 0.0068618 0.03430898 0.01372359 0.05489437 0.05489437 0.03430898 0.01372359 0.01372359 0.0068618 0.04803257 0.02058539 0.05489437 0.04803257 0.08920335 0.01372359 0.0068618 0.1535458 0.146551 0
0.0392851 0.00491064 0.02700851 0.04665106 0.03682978 0.04174042 0.02455319 0.0392851 0.05401701 0.12522126 0.01718723 0.03437446 0.02455319 0.04665106 0.02209787 0.05401701 0.03437446 0.01473191 0.00491064 0.03437446 0.13034329 0.14288236 0
0.04428967 0.0 0.03506265 0.09042473 0.03690805 0.04798047 0.02029943 0.0645891 0.03875346 0.0645891 0.01845403 0.03321725 0.02399024 0.02214483 0.03506265 0.02768104 0.03321725 0.05536208 0.00369081 0.01291782 0.14666203 0.14470332 0
0.08083409 0.0 0.05557344 0.04041705 0.02020852 0.04546918 0.01768246 0.05809951 0.03789098 0.08083409 0.0075782 0.03283885 0.03031279 0.01515639 0.03031279 0.0656777 0.03283885 0.05557344 0.00252607 0.01768246 0.14082806 0.13166509 0
0.15416607 0.0 0.02964732 0.11265982 0.01185893 0.06522411 0.0 0.05336518 0.07115357 0.06522411 0.00592946 0.02371786 0.01185893 0.0 0.00592946 0.01778839 0.02964732 0.06522411 0.0 0.0 0.13688552 0.13971982 0
0.12669096 0.0 0.04223032 0.07179154 0.02111516 0.03378425 0.0 0.04223032 0.05489941 0.05912245 0.0126691 0.02533819 0.01689213 0.0126691 0.03378425 0.05067638 0.01689213 0.08023761 0.0 0.00422303 0.13623794 0.15851574 0
0.04616367 0.0 0.06036788 0.03195946 0.03195946 0.03195946 0.01065315 0.03906157 0.06746998 0.06746998 0.01065315 0.03906157 0.02485736 0.01420421 0.03551052 0.07457208 0.02840841 0.04616367 0.01065315 0.02840841 0.14999149 0.15045134 0
0.05707872 0.00864829 0.04843043 0.06572701 0.0207559 0.05016009 0.00518897 0.07264564 0.05188974 0.06399735 0.01037795 0.02594487 0.0207559 0.04497111 0.02594487 0.0328635 0.03459316 0.0536194 0.0 0.01556692 0.13457462 0.15626555 0
0.05781697 0.00642411 0.04068602 0.06424108 0.03426191 0.05353423 0.01713095 0.06209971 0.0556756 0.05781697 0.00428274 0.03212054 0.02355506 0.01284822 0.02355506 0.04925149 0.04496876 0.05353423 0.00428274 0.02355506 0.13577449 0.14258404 0
0.04101004 0.00292929 0.04393933 0.07323221 0.02929288 0.05272719 0.02343431 0.05272719 0.04101004 0.07909079 0.01464644 0.01464644 0.03222217 0.03808075 0.03808075 0.03515146 0.03222217 0.02343431 0.00585858 0.02929288 0.14791083 0.14905996 0
0.02423671 0.0 0.07271014 0.04847342 0.03635507 0.04847342 0.02423671 0.04847342 0.07271014 0.06867068 0.0080789 0.03231562 0.01615781 0.01615781 0.02827616 0.01615781 0.02423671 0.07674959 0.00403945 0.02827616 0.15429964 0.15091462 0
0.04415812 0.0 0.02943875 0.03679844 0.02207906 0.04415812 0.00735969 0.04415812 0.07359687 0.04415812 0.02207906 0.03679844 0.02943875 0.02207906 0.0588775 0.03679844 0.04415812 0.04415812 0.00735969 0.02207906 0.15828391 0.17198453 0
0.05051829 0.00459257 0.04592572 0.04822201 0.02985172 0.04133315 0.02296286 0.05511087 0.05511087 0.06199972 0.02296286 0.02066657 0.01148143 0.02755543 0.032148 0.05740715 0.032148 0.05740715 0.00229629 0.02755543 0.13900484 0.15373906 0
0.03497859 0.0 0.06607066 0.05441113 0.00777302 0.03497859 0.00388651 0.06995717 0.0427516 0.06218415 0.01943255 0.0388651 0.01943255 0.00777302 0.06218415 0.02331906 0.04663811 0.07773019 0.0 0.01165953 0.1517493 0.16422503 0
0.05809269 0.0 0.03630793 0.02178476 0.02178476 0.10892379 0.01452317 0.02178476 0.07261586 0.0508311 0.01452317 0.02904635 0.01452317 0.02904635 0.05809269 0.04356952 0.03630793 0.0508311 0.0 0.02178476 0.14952204 0.14610409 0
0.04832688 0.0 0.02761536 0.0345192 0.00690384 0.07594224 0.01380768 0.04142304 0.11046144 0.01380768 0.00690384 0.00690384 0.02071152 0.05523072 0.01380768 0.01380768 0.06213456 0.13117296 0.0 0.0345192 0.1381615 0.14383916 0
0.06511037 0.01502547 0.01752972 0.02003396 0.07262311 0.04507641 0.01752972 0.10517829 0.03505943 0.09265707 0.02253821 0.02003396 0.03756368 0.01502547 0.01502547 0.04758066 0.03255519 0.05258915 0.00250425 0.02253821 0.11476635 0.13145589 0
0.03844432 0.00274602 0.02196818 0.01922216 0.04119035 0.04942842 0.01922216 0.05492046 0.05217444 0.08238069 0.02471421 0.02746023 0.03020625 0.04119035 0.02196818 0.06315853 0.05492046 0.03844432 0.00549205 0.05492046 0.13170408 0.12412366 0
0.09623127 0.0 0.02830331 0.02264265 0.01698199 0.03962464 0.01132133 0.01698199 0.07924928 0.06792795 0.02830331 0.02830331 0.0 0.01698199 0.08490994 0.02264265 0.01698199 0.05094596 0.00566066 0.03962464 0.15678076 0.16960038 0
0.0397981 0.0 0.00994952 0.0 0.0397981 0.04974762 0.04974762 0.00994952 0.1193943 0.0397981 0.02984857 0.0 0.00994952 0.01989905 0.10944477 0.05969715 0.04974762 0.00994952 0.0 0.00994952 0.17111593 0.17221542 0
0.05911614 0.0 0.04729291 0.04335183 0.03152861 0.03941076 0.00394108 0.06699829 0.09458582 0.04729291 0.02364646 0.02364646 0.02758753 0.05123399 0.04729291 0.01182323 0.01970538 0.04729291 0.0 0.00788215 0.16893278 0.13743787 0
0.05178788 0.0 0.04557334 0.04971637 0.04143031 0.05178788 0.03314424 0.03935879 0.05593091 0.07457455 0.01450061 0.02278667 0.02485818 0.01864364 0.0269297 0.04143031 0.04143031 0.05178788 0.00414303 0.01864364 0.14800768 0.14353409 0
0.04235135 0.0 0.04644986 0.06694245 0.05054838 0.05191455 0.01229555 0.039619 0.05328073 0.05328073 0.0245911 0.03142197 0.0245911 0.0245911 0.03278814 0.03415431 0.04098517 0.04644986 0.00546469 0.02049259 0.14467355 0.1531138 0
0.0594272 0.0 0.01188544 0.01188544 0.05546538 0.04357994 0.00396181 0.11093077 0.03565632 0.09508352 0.03169451 0.02377088 0.04357994 0.03565632 0.01980907 0.03961813 0.03565632 0.03565632 0.02773269 0.01584725 0.12772206 0.13538069 0
0.06157669 0.01448863 0.05795454 0.04708806 0.01086648 0.0434659 0.01448863 0.06157669 0.03259943 0.07968749 0.01811079 0.03622159 0.02535511 0.00362216 0.03984374 0.0434659 0.06157669 0.0434659 0.0 0.02535511 0.13601898 0.14317147 0
0.04916719 0.0 0.03933375 0.12783469 0.01966687 0.02950031 0.0 0.02950031 0.0786675 0.08850094 0.03933375 0.02950031 0.00983344 0.05900062 0.0 0.03933375 0.04916719 0.02950031 0.0 0.0 0.13024542 0.15191364 0
0.05115203 0.00155006 0.04495178 0.04495178 0.02480098 0.03565141 0.01550061 0.04495178 0.0480519 0.07595301 0.01085043 0.01550061 0.01705068 0.05270209 0.05270209 0.04495178 0.03100123 0.05115203 0.00310012 0.02635104 0.14968123 0.15744133 0
0.04755509 0.00514109 0.03341709 0.03213182 0.03727291 0.05141091 0.01670855 0.06811946 0.03855818 0.08996909 0.01670855 0.042414 0.01799382 0.04626982 0.02699073 0.05526673 0.04884036 0.04884036 0.00257055 0.01927909 0.12300832 0.13153348 0
0.05669273 0.0 0.04177359 0.05967656 0.03580594 0.01790297 0.0208868 0.05669273 0.05370891 0.0954825 0.0208868 0.03580594 0.0208868 0.03580594 0.0208868 0.03580594 0.05669273 0.03878977 0.00596766 0.01790297 0.1334475 0.13849844 0
0.05016113 0.00218092 0.04798021 0.05234205 0.0348947 0.03925654 0.01962827 0.05670389 0.06324664 0.07633215 0.01962827 0.02835194 0.01744735 0.02617102 0.02617102 0.03271378 0.04798021 0.03925654 0.00654276 0.02399011 0.14079682 0.14822368 0
0.07354268 0.00774133 0.04644801 0.05418934 0.01935334 0.023224 0.01548267 0.03870667 0.034836 0.05418934 0.01935334 0.034836 0.02709467 0.08515468 0.05031867 0.06193067 0.023224 0.04644801 0.0 0.023224 0.12085864 0.13984392 0
0.08487185 0.00707265 0.04243593 0.05481307 0.02829062 0.07072655 0.0194498 0.0388996 0.04243593 0.06542205 0.01768164 0.02829062 0.02298613 0.02298613 0.03005878 0.03182695 0.03359511 0.04420409 0.00176816 0.02475429 0.13454228 0.15288778 0
0.05542752 0.00739034 0.04434201 0.05542752 0.03695168 0.04434201 0.00739034 0.04803718 0.08129369 0.05542752 0.00739034 0.0110855 0.02586617 0.04064684 0.01478067 0.04803718 0.04064684 0.07020819 0.00369517 0.01478067 0.14228674 0.14454589 0
0.06843808 0.0 0.04847698 0.05703174 0.03421904 0.03707063 0.01425793 0.0655865 0.05132856 0.0855476 0.01710952 0.02851587 0.01710952 0.03136746 0.02281269 0.03992222 0.03421904 0.05988332 0.0 0.01425793 0.13426875 0.13857661 0
0.08092853 0.00437452 0.04374515 0.05249418 0.02624709 0.05905595 0.01093629 0.05468144 0.0568687 0.08530304 0.01968532 0.03062161 0.02624709 0.03280886 0.01312355 0.04155789 0.03937064 0.03937064 0.0 0.0153108 0.13046523 0.13680349 0
0.06525825 0.0 0.04661304 0.03495978 0.02563717 0.0629276 0.01398391 0.05127434 0.06525825 0.06991956 0.03029847 0.02563717 0.03729043 0.03029847 0.01631456 0.03962108 0.03495978 0.05360499 0.0046613 0.01631456 0.13477248 0.14039478 0
0.09555709 0.0 0.02047652 0.12285912 0.00682551 0.02047652 0.01365101 0.05460405 0.08190608 0.05460405 0.01365101 0.00682551 0.04095304 0.02730203 0.04095304 0.03412753 0.03412753 0.04095304 0.0 0.00682551 0.14432235 0.13899948 0
0.02931334 0.0 0.03582742 0.08468298 0.03257038 0.0521126 0.01302815 0.04559853 0.03257038 0.05862668 0.01628519 0.01302815 0.02931334 0.03257038 0.0521126 0.02279926 0.03582742 0.06514076 0.0 0.03257038 0.15990201 0.15612006 0
0.07098117 0.0 0.04387927 0.08259627 0.01032453 0.03355474 0.0154868 0.0580755 0.05162267 0.07227174 0.01290567 0.02581134 0.01290567 0.02452077 0.05678494 0.038717 0.0271019 0.038717 0.0 0.01419623 0.15683426 0.15271252 0
0.03939077 0.01313026 0.04376752 0.05252103 0.03063727 0.04376752 0.03063727 0.07440479 0.04814428 0.06127453 0.01313026 0.01750701 0.03063727 0.01750701 0.02626051 0.04376752 0.05689778 0.03501402 0.01313026 0.0087535 0.14601959 0.15370002 0
0.04979929 0.0 0.04357438 0.08714876 0.03112456 0.01244982 0.0 0.0560242 0.07469894 0.03112456 0.01867473 0.01244982 0.01244982 0.03734947 0.04357438 0.06224912 0.06224912 0.03734947 0.0 0.02489965 0.14563252 0.15717739 0
0.05296802 0.006621 0.05296802 0.05076102 0.03089801 0.03531202 0.01986301 0.05076102 0.06621003 0.07945204 0.008828 0.02869101 0.02427701 0.03310502 0.03972602 0.03310502 0.03089801 0.03310502 0.0 0.01986301 0.15451603 0.14807165 0
0.08839851 0.00339994 0.04419926 0.0475992 0.0237996 0.04589923 0.01359977 0.059499 0.03909934 0.06459891 0.0118998 0.03229946 0.01869969 0.02889951 0.0356994 0.0356994 0.03229946 0.06459891 0.00169997 0.01529974 0.14583065 0.14698123 0
0.01774248 0.0 0.05322744 0.05322744 0.00591416 0.04139912 0.00591416 0.06505576 0.07688408 0.0591416 0.03548496 0.03548496 0.01182832 0.03548496 0.04731328 0.03548496 0.03548496 0.04731328 0.0 0.02365664 0.15761432 0.15634312 0
0.07954652 0.0 0.03821352 0.0678485 0.01871683 0.0436726 0.01637722 0.04445247 0.06394916 0.03509405 0.01325775 0.04523234 0.02495577 0.03509405 0.04913167 0.03275445 0.03743366 0.05771022 0.00155974 0.00935841 0.14684008 0.13880096 0
0.04409147 0.00440915 0.05290976 0.04850062 0.01763659 0.03527318 0.00440915 0.05731891 0.06172806 0.07936464 0.02204573 0.01763659 0.05290976 0.02204573 0.01322744 0.02645488 0.05731891 0.07054635 0.0 0.03086403 0.14001879 0.14129027 0
0.04012567 0.0 0.04559735 0.03283009 0.01641504 0.07113186 0.00547168 0.05106903 0.06201239 0.0583646 0.02006283 0.03465398 0.01459115 0.0291823 0.01823894 0.10396195 0.05471682 0.03830177 0.00182389 0.04194956 0.13061821 0.12888088 0
0.07556666 0.0 0.06045333 0.03778333 0.03778333 0.03778333 0.0 0.02267 0.08312333 0.05289666 0.06801 0.03022667 0.01511333 0.08312333 0.00755667 0.03022667 0.05289666 0.05289666 0.0 0.0 0.11454818 0.13734186 0
0.03743135 0.0 0.04678919 0.10293622 0.02807352 0.01871568 0.00935784 0.05614703 0.05614703 0.08422055 0.00935784 0.00935784 0.00935784 0.05614703 0.03743135 0.02807352 0.05614703 0.01871568 0.0 0.04678919 0.14681624 0.14198805 0
0.0951853 0.00705076 0.05288072 0.02115229 0.01762691 0.0775584 0.00705076 0.01410153 0.02820305 0.02820305 0.01762691 0.04935534 0.02820305 0.0387792 0.00705076 0.04582996 0.0775584 0.06345687 0.02820305 0.0387792 0.12502237 0.13112211 0
0.08041563 0.0 0.05539743 0.04646236 0.02680521 0.07862861 0.00714806 0.04824938 0.06969354 0.06611952 0.00893507 0.03216625 0.0250182 0.01072208 0.01608313 0.02859222 0.02859222 0.06790653 0.00536104 0.00893507 0.14333125 0.14543719 0
0.06456607 0.0 0.04611862 0.07071522 0.02869603 0.05431749 0.01332316 0.04816834 0.04201919 0.04611862 0.0245966 0.01947231 0.02972089 0.02562146 0.03382032 0.03074575 0.0491932 0.06046664 0.00409943 0.01844745 0.14574561 0.14402758 0
0.06954958 0.0 0.02608109 0.05650904 0.0173874 0.03912164 0.01304055 0.02608109 0.03912164 0.05216219 0.02608109 0.03912164 0.02608109 0.01304055 0.08693698 0.03042794 0.04346849 0.05216219 0.0086937 0.01304055 0.15830409 0.16358748 0
0.04361993 0.0 0.0 0.0 0.02907996 0.04361993 0.02907996 0.01453998 0.08723987 0.02907996 0.02907996 0.01453998 0.01453998 0.02907996 0.17447974 0.04361993 0.02907996 0.02907996 0.0 0.0 0.16010555 0.20013541 0
0.03890537 0.0 0.02778955 0.04446328 0.02223164 0.04446328 0.01667373 0.02778955 0.08336866 0.06669493 0.01667373 0.02223164 0.00555791 0.02223164 0.05557911 0.03890537 0.01667373 0.07781075 0.0 0.03334746 0.15361472 0.18499393 0
0.06591143 0.00470796 0.04551028 0.05492619 0.0313864 0.04394096 0.02981708 0.039233 0.0470796 0.07846599 0.03452504 0.0235398 0.01726252 0.02667844 0.0235398 0.05021823 0.04394096 0.03452504 0.00627728 0.02040116 0.13650643 0.14160645 0
0.09789985 0.0 0.04421284 0.05052896 0.00947418 0.07579344 0.00315806 0.07263538 0.03789672 0.0473709 0.01894836 0.05052896 0.02526448 0.02526448 0.02526448 0.01894836 0.0315806 0.09158373 0.00315806 0.00315806 0.12594442 0.14138571 0
0.03885307 0.0 0.06874005 0.09563834 0.04184177 0.02390958 0.01195479 0.03586438 0.05977396 0.07471745 0.03586438 0.02689828 0.01793219 0.02689828 0.02988698 0.02988698 0.04483047 0.03287568 0.0 0.02092089 0.14419287 0.13851961 0
0.08298853 0.0 0.03630748 0.02593392 0.02074713 0.06742818 0.01037357 0.02593392 0.05705461 0.04668105 0.01037357 0.02074713 0.02593392 0.02593392 0.07261496 0.02593392 0.0311207 0.06742818 0.0 0.02074713 0.15485244 0.17086575 0
0.03850743 0.0 0.03850743 0.03850743 0.0 0.03850743 0.04620892 0.0539104 0.06931337 0.06931337 0.01540297 0.03850743 0.0 0.02310446 0.07701486 0.03080594 0.03080594 0.03850743 0.00770149 0.03080594 0.14502555 0.16954219 0
0.04732331 0.00482891 0.04877199 0.05842981 0.04056284 0.04539175 0.01883275 0.04635753 0.04539175 0.05649824 0.0212472 0.03138791 0.03235369 0.02559322 0.03090502 0.03621682 0.04056284 0.04925488 0.00338024 0.02414455 0.14535707 0.14720768 0
0.07548816 0.01078402 0.01078402 0.01078402 0.01078402 0.03235207 0.01078402 0.01078402 0.11862425 0.03235207 0.02156805 0.04313609 0.02156805 0.01078402 0.05392011 0.04313609 0.04313609 0.08627218 0.01078402 0.01078402 0.16668155 0.16470903 0
0.07764635 0.00862737 0.03450949 0.06686213 0.02588212 0.04098002 0.00431369 0.02588212 0.04745055 0.06686213 0.0150979 0.02588212 0.02156843 0.03666633 0.02372527 0.04745055 0.0301958 0.06686213 0.00862737 0.03450949 0.14733745 0.14306118 0
0.03777845 0.0 0.13222458 0.14733596 0.02644492 0.03400061 0.00377785 0.04533414 0.03022276 0.04533414 0.01511138 0.02644492 0.02266707 0.00755569 0.02644492 0.04911199 0.01511138 0.03022276 0.00755569 0.03022276 0.13505607 0.13204199 0
0.06674452 0.0062573 0.04588685 0.06883028 0.02085766 0.08343065 0.01042883 0.05005839 0.05631569 0.06465875 0.02294343 0.01668613 0.02502919 0.0125146 0.0187719 0.02294343 0.02085766 0.07091605 0.0 0.02502919 0.14125121 0.1495883 0
0.04410966 0.00294064 0.05881289 0.05587224 0.03822838 0.04116902 0.01470322 0.06175353 0.08233804 0.07057546 0.00588129 0.03528773 0.01176258 0.03234709 0.02058451 0.02352515 0.02352515 0.04116902 0.00882193 0.01764387 0.14659833 0.16235026 0
0.03348356 0.00837089 0.05859623 0.03627386 0.05022534 0.02790297 0.02790297 0.05022534 0.05580594 0.0920798 0.01395148 0.02790297 0.01953208 0.02232237 0.02790297 0.03906416 0.02790297 0.03906416 0.0027903 0.03906416 0.14717228 0.1524632 0
0.02477481 0.00330331 0.042943 0.0396397 0.04789797 0.03303308 0.02477481 0.06276285 0.07267278 0.07102112 0.00990992 0.03798804 0.01981985 0.03798804 0.04459466 0.03468473 0.02312316 0.02477481 0.00330331 0.0396397 0.14824579 0.15310456 0
0.03389995 0.0 0.04143327 0.03766661 0.04896659 0.06026658 0.01129998 0.06403324 0.08286654 0.04519993 0.02259997 0.04896659 0.01506664 0.02259997 0.02259997 0.01506664 0.05649992 0.05273325 0.0 0.03013329 0.14594694 0.14215411 0
0.04764233 0.0 0.04446618 0.05081849 0.04129002 0.0285854 0.00794039 0.05399464 0.05875888 0.07305158 0.01270462 0.05558272 0.02223309 0.03493771 0.02540924 0.04129002 0.04764233 0.04764233 0.00635231 0.01746886 0.14186851 0.14032034 0
0.06448862 0.0 0.03992153 0.04299241 0.03685064 0.03377975 0.01842532 0.04299241 0.07063039 0.10748103 0.00921266 0.04299241 0.03685064 0.03070887 0.02149621 0.03377975 0.03685064 0.02763798 0.00307089 0.02763798 0.13882949 0.13337036 0
0.039089 0.00651483 0.05602757 0.0469068 0.02866527 0.04820977 0.0195445 0.06384537 0.04169493 0.09511657 0.01302967 0.0273623 0.02866527 0.04430087 0.02605933 0.04820977 0.03648307 0.03648307 0.00260593 0.01824153 0.13322339 0.1397212 0
0.05859231 0.00703108 0.04218646 0.03984277 0.02109323 0.03281169 0.01171846 0.05390493 0.10780985 0.05624862 0.01406215 0.03984277 0.02578062 0.01406215 0.01406215 0.05390493 0.03749908 0.04687385 0.00937477 0.030468 0.13202168 0.15080841 0
0.12840775 0.0 0.03021359 0.05287378 0.03021359 0.04532038 0.0 0.03021359 0.10574756 0.03776698 0.0075534 0.02266019 0.01510679 0.02266019 0.03021359 0.03776698 0.02266019 0.06042718 0.0 0.0075534 0.16039133 0.15224956 0
0.03687909 0.05531863 0.0 0.03687909 0.12907681 0.01843954 0.0 0.03687909 0.03687909 0.11063727 0.01843954 0.09219772 0.01843954 0.05531863 0.0 0.03687909 0.03687909 0.03687909 0.01843954 0.0 0.10092044 0.12461869 0
0.06022454 0.0 0.01505613 0.06775261 0.0225842 0.01505613 0.0 0.03011227 0.06775261 0.07528067 0.00752807 0.0451684 0.00752807 0.03011227 0.03011227 0.07528067 0.03764034 0.0451684 0.00752807 0.05269647 0.15354897 0.15386883 0
0.03844065 0.03203387 0.05766097 0.06406774 0.01281355 0.05766097 0.00640677 0.03844065 0.08969484 0.07047452 0.01281355 0.03203387 0.03203387 0.01922032 0.01281355 0.01922032 0.01922032 0.06406774 0.00640677 0.01922032 0.16042175 0.13483307 0
0.09141481 0.0 0.0228537 0.01142685 0.01142685 0.03428055 0.0228537 0.01142685 0.11426851 0.0228537 0.01142685 0.03428055 0.0228537 0.0 0.07998795 0.0457074 0.0685611 0.03428055 0.0 0.0457074 0.16108838 0.15330058 0
0.06056676 0.00346096 0.03634006 0.05364485 0.0328791 0.05537533 0.01038287 0.04499245 0.05018389 0.09171538 0.01038287 0.01903527 0.02595718 0.02941814 0.0328791 0.05191437 0.05191437 0.04499245 0.0 0.01730479 0.13316842 0.14349138 0
0.01533807 0.0 0.05368323 0.06902129 0.01533807 0.05368323 0.00766903 0.0460142 0.03834516 0.05368323 0.00766903 0.05368323 0.0230071 0.0230071 0.05368323 0.0230071 0.03067613 0.05368323 0.0 0.06135226 0.15566603 0.16179005 0
0.05342343 0.0 0.07631918 0.13737452 0.03815959 0.05342343 0.02289575 0.05342343 0.01526384 0.06868726 0.01526384 0.03815959 0.02289575 0.03815959 0.0 0.02289575 0.03815959 0.03815959 0.00763192 0.01526384 0.11873929 0.12570083 0
0.03560014 0.0 0.02076675 0.04746685 0.03856682 0.02076675 0.01780007 0.05636689 0.08306699 0.08900035 0.00890003 0.0415335 0.03263346 0.04746685 0.02076675 0.05636689 0.03560014 0.03263346 0.00593336 0.0267001 0.14220883 0.13985501 0
0.07752337 0.0091204 0.01596069 0.0068403 0.05472238 0.06612288 0.0136806 0.07752337 0.04332189 0.11628506 0.01596069 0.02508109 0.02280099 0.02736119 0.0045602 0.05244228 0.06384278 0.06156268 0.0114005 0.0114005 0.10986125 0.11262491 0
0.076913 0.0 0.06508023 0.06508023 0.02958192 0.06508023 0.00887458 0.03549831 0.05324746 0.04141469 0.01479096 0.03254012 0.01774915 0.02070735 0.02070735 0.02958192 0.0384565 0.06803843 0.00295819 0.01774915 0.14627264 0.14967756 0
0.02368354 0.00394726 0.0631561 0.03947257 0.02368354 0.03552531 0.01973628 0.05920885 0.06710336 0.05526159 0.01973628 0.03947257 0.01578903 0.01578903 0.03157805 0.03552531 0.03157805 0.04736708 0.01973628 0.05131433 0.14664657 0.15468902 0
0.07218976 0.0 0.00902372 0.0451186 0.01804744 0.03609488 0.0 0.0451186 0.10828464 0.07218976 0.05414232 0.0451186 0.02707116 0.07218976 0.02707116 0.01804744 0.01804744 0.05414232 0.00902372 0.00902372 0.11649171 0.14356327 0
0.04200226 0.02520136 0.00840045 0.04200226 0.05040271 0.04200226 0.02520136 0.06720362 0.08400452 0.04200226 0.02520136 0.0168009 0.06720362 0.00840045 0.05040271 0.04200226 0.0168009 0.02520136 0.0 0.02520136 0.13974532 0.15461668 0
0.02504045 0.0 0.04173409 0.03338727 0.02504045 0.03338727 0.00834682 0.05842772 0.07512136 0.06677454 0.02504045 0.03338727 0.00834682 0.01669363 0.05842772 0.03338727 0.01669363 0.05842772 0.0 0.06677454 0.13701605 0.17854493 0
0.0390575 0.01952875 0.06509583 0.09113416 0.05207666 0.01952875 0.01301917 0.01952875 0.04556708 0.078115 0.02603833 0.04556708 0.00650958 0.0390575 0.04556708 0.05858625 0.01301917 0.01952875 0.0 0.01952875 0.13579717 0.1481487 0
0.03873795 0.0 0.06779141 0.05810692 0.06779141 0.0 0.03873795 0.01936897 0.02905346 0.05810692 0.01936897 0.00968449 0.02905346 0.00968449 0.04842243 0.06779141 0.04842243 0.02905346 0.01936897 0.02905346 0.14223654 0.17016493 0
0.07530379 0.0 0.03137658 0.08157911 0.02510126 0.02510126 0.0 0.05647785 0.05020253 0.06275316 0.01882595 0.03137658 0.03137658 0.07530379 0.01882595 0.01255063 0.04392721 0.0376519 0.00627532 0.02510126 0.15061111 0.14027816 0
0.02902818 0.0 0.06635013 0.0497626 0.07049701 0.0248813 0.01244065 0.03732195 0.07049701 0.07049701 0.02073442 0.03732195 0.01244065 0.04146883 0.01244065 0.0248813 0.04561572 0.02902818 0.01244065 0.0497626 0.13922562 0.14336358 0
0.02400159 0.0 0.03200211 0.1120074 0.0 0.0560037 0.02400159 0.07200476 0.08000529 0.04800317 0.00800053 0.02400159 0.01600106 0.03200211 0.07200476 0.01600106 0.03200211 0.00800053 0.0 0.01600106 0.16140032 0.16655528 0
0.04013267 0.01504975 0.04514926 0.0300995 0.05016584 0.05016584 0.02006634 0.02006634 0.05518242 0.03511609 0.0300995 0.01504975 0.03511609 0.03511609 0.05016584 0.0300995 0.01504975 0.05518242 0.01003317 0.04514926 0.15651797 0.1612266 0
0.0597775 0.00373609 0.04109703 0.05230531 0.01120828 0.06351359 0.01494437 0.0560414 0.04109703 0.09340234 0.01120828 0.02988875 0.02615265 0.01868047 0.04483312 0.03362484 0.01868047 0.06351359 0.0 0.01494437 0.14222584 0.15912466 0
0.0861346 0.00650072 0.03900435 0.04387989 0.02275254 0.07313315 0.00650072 0.06988279 0.04875544 0.04550507 0.02437772 0.02762808 0.02762808 0.01950217 0.01950217 0.04062953 0.04225471 0.07313315 0.0 0.00650072 0.13210978 0.14468458 0
0.06721726 0.0 0.05041294 0.05041294 0.04201079 0.04201079 0.00840216 0.07561942 0.04201079 0.05041294 0.03360863 0.03360863 0.0 0.04201079 0.01680431 0.05041294 0.0588151 0.06721726 0.0 0.00840216 0.13102529 0.12958486 0
0.07940408 0.0 0.01671665 0.00835832 0.05432911 0.08358324 0.00835832 0.08776241 0.03761246 0.07522492 0.01671665 0.0334333 0.02089581 0.02507497 0.01253749 0.04179162 0.02925414 0.09612073 0.01671665 0.01253749 0.12361789 0.11995375 0
0.05902422 0.00281068 0.04965529 0.05246597 0.03372812 0.03747569 0.01405339 0.05152908 0.04965529 0.07026693 0.00468446 0.02061163 0.03185434 0.02904366 0.03560191 0.03560191 0.03934948 0.0487184 0.00936892 0.02248542 0.14995572 0.15205949 1
0.07704526 0.00160511 0.04815329 0.06099416 0.02728686 0.07062482 0.00642044 0.05457373 0.04173285 0.04815329 0.01284088 0.02889197 0.01926132 0.0160511 0.02889197 0.0337073 0.04333796 0.04173285 0.00481533 0.02728686 0.14747139 0.15912127 1
0.04851462 0.00294028 0.06468616 0.05292504 0.03528336 0.03234308 0.01617154 0.04998476 0.04998476 0.06027574 0.01323126 0.03969378 0.0220521 0.02352224 0.02646252 0.03381322 0.03969378 0.04116392 0.00882084 0.04557434 0.14348043 0.14938223 1
0.07721207 0.00609569 0.04266983 0.05079741 0.02031897 0.04470172 0.01625517 0.04876552 0.04266983 0.04470172 0.01828707 0.02844655 0.03251035 0.02844655 0.02641466 0.05079741 0.03860604 0.08330776 0.00609569 0.02031897 0.13843892 0.13414211 1
0.05410364 0.00257636 0.06080218 0.03606909 0.02834 0.04225236 0.01597345 0.03452327 0.04895091 0.04637455 0.01082073 0.04895091 0.02885527 0.03503855 0.02009564 0.05204255 0.06028691 0.06337855 0.01236655 0.03143164 0.13388977 0.13287713 1
0.03210119 0.00100316 0.04915495 0.05216444 0.03561226 0.03611384 0.01253953 0.05216444 0.07874824 0.07473559 0.00752372 0.04313598 0.01705376 0.02006325 0.03761859 0.04965653 0.02758696 0.03109803 0.00351107 0.0346091 0.14207068 0.16173467 1
0.04887515 0.0022216 0.03998876 0.06664793 0.03554556 0.05109675 0.01777278 0.04443195 0.05776154 0.07553432 0.01332959 0.03776716 0.01777278 0.03332397 0.01555118 0.05109675 0.03998876 0.04443195 0.01110799 0.01777278 0.13739711 0.14058363 1
0.06650545 0.0 0.03641965 0.05067082 0.01425117 0.05700467 0.02850234 0.05383775 0.05383775 0.05067082 0.01425117 0.04908736 0.01900156 0.02216848 0.02216848 0.03325273 0.05700467 0.07442277 0.0 0.02375195 0.13402454 0.13916587 1
0.05774457 0.00607838 0.03950944 0.07294051 0.03343107 0.04558782 0.02127432 0.0243135 0.06686213 0.09421483 0.01215675 0.03039188 0.00911756 0.0243135 0.03039188 0.04558782 0.02735269 0.03950944 0.0 0.02127432 0.14433409 0.1536135 1
0.04333122 0.0118176 0.03939202 0.04727042 0.02757441 0.04136162 0.01575681 0.04924002 0.04136162 0.06302722 0.01772641 0.05120962 0.01969601 0.03151361 0.04727042 0.03742241 0.04333122 0.05120962 0.0059088 0.02560481 0.14253807 0.14643606 1
0.05354889 0.00669361 0.04819401 0.04953273 0.01874211 0.05354889 0.01874211 0.04685528 0.04551656 0.06425867 0.01874211 0.03212934 0.03079061 0.02945189 0.03079061 0.03079061 0.04417784 0.06291995 0.00267744 0.02945189 0.14457421 0.1378706 1
0.07018993 0.00679257 0.04754802 0.03849125 0.02264191 0.03849125 0.01584934 0.07245412 0.03622706 0.06566155 0.02264191 0.03396287 0.0249061 0.02264191 0.03622706 0.05886897 0.04075544 0.05886897 0.0 0.01584934 0.12894292 0.14198748 1
0.04331226 0.00196874 0.03346857 0.05906218 0.02362487 0.02165613 0.01574991 0.02953109 0.07087461 0.09253074 0.01771865 0.03543731 0.01378117 0.01771865 0.045281 0.04724974 0.045281 0.04134352 0.00393748 0.04134352 0.14528524 0.1538436 1
0.06408868 0.00092882 0.05108518 0.03808168 0.02136289 0.05015635 0.01021704 0.03157993 0.052014 0.04458343 0.0130035 0.05572928 0.02414936 0.03715286 0.01764761 0.0566581 0.07244807 0.05294282 0.0130035 0.03157993 0.12984395 0.13174305 1
0.09414285 0.00340275 0.03743029 0.03062478 0.04763855 0.06805507 0.00793976 0.06124957 0.0465043 0.06692082 0.01701377 0.02268502 0.02608778 0.02381928 0.00567126 0.05444406 0.04763855 0.06805507 0.00567126 0.01814802 0.12240409 0.12445311 1
0.10344739 0.00220101 0.04402017 0.04622117 0.03741714 0.05722621 0.01320605 0.05942722 0.04622117 0.05722621 0.00660302 0.03521613 0.02201008 0.03081412 0.01760807 0.03301512 0.02861311 0.05722621 0.00440202 0.01980907 0.13570762 0.14236167 1
0.11075666 0.00692229 0.06230062 0.06922291 0.00692229 0.04153375 0.02768917 0.03461146 0.04153375 0.11075666 0.02768917 0.01384458 0.0 0.02768917 0.02768917 0.02768917 0.03461146 0.02768917 0.0 0.02076687 0.1363054 0.1437763 1
0.04376249 0.0019892 0.04873549 0.03580567 0.03481107 0.04774089 0.02486505 0.0517193 0.04177328 0.07360054 0.01491903 0.04475709 0.01989204 0.03282186 0.03182726 0.04376249 0.04077868 0.03779487 0.00795682 0.03680027 0.14080602 0.14308059 1
0.08785742 0.00247486 0.04825971 0.06805857 0.02474857 0.04207257 0.00989943 0.04083514 0.03712285 0.06682114 0.03093571 0.02846086 0.02227371 0.02846086 0.02846086 0.02722343 0.04578485 0.05444685 0.00247486 0.017324 0.14202006 0.1439837 1
0.12890487 0.0 0.06015561 0.03437463 0.01718732 0.06874926 0.01718732 0.06015561 0.05156195 0.05156195 0.03437463 0.01718732 0.00859366 0.01718732 0.00859366 0.04296829 0.06874926 0.05156195 0.0 0.00859366 0.12850442 0.12384734 1
0.08873812 0.00397335 0.02251564 0.03840904 0.05562688 0.06092468 0.0079467 0.07549362 0.04238238 0.06754693 0.02251564 0.03443569 0.03576014 0.01854229 0.01192005 0.03576014 0.04635573 0.05430243 0.00662225 0.02251564 0.11784028 0.1298724 1
0.05681185 0.0029901 0.05232671 0.04784156 0.04036632 0.0553168 0.02691088 0.04186136 0.05382175 0.04335641 0.01196039 0.03737622 0.03139602 0.01794058 0.01943563 0.02541583 0.02691088 0.04036632 0.01495049 0.05232671 0.1475767 0.15274049 1
0.02518743 0.01259371 0.0352624 0.05541234 0.03022491 0.05793108 0.02014994 0.04281863 0.06800605 0.07808102 0.01007497 0.01511246 0.03022491 0.0352624 0.0352624 0.03274366 0.03022491 0.0528936 0.00251874 0.0176312 0.152532 0.15985124 1
0.06911648 0.0 0.06010129 0.05409116 0.02704558 0.03906584 0.01803039 0.03305571 0.05409116 0.06611142 0.00901519 0.03606077 0.03005065 0.01502532 0.03005065 0.02704558 0.03305571 0.04808103 0.01803039 0.02404052 0.15163368 0.15720147 1
0.06136962 0.00846478 0.04232388 0.03809149 0.02962671 0.04232388 0.01904574 0.05290485 0.05502104 0.07618298 0.01269716 0.0359753 0.02751052 0.02539433 0.01269716 0.04655626 0.03809149 0.06136962 0.00423239 0.02962671 0.13771131 0.14278278 1
0.06081793 0.00160047 0.03841132 0.06882029 0.03040897 0.03841132 0.01760519 0.05761699 0.0400118 0.04641368 0.02240661 0.02880849 0.02240661 0.02240661 0.04641368 0.03681085 0.0400118 0.0400118 0.0112033 0.02080613 0.1495103 0.15908586 1
0.09405342 0.01140041 0.03705135 0.05985217 0.02280083 0.06270228 0.01140041 0.05130186 0.05415197 0.04560166 0.01710062 0.03135114 0.01995072 0.02280083 0.01710062 0.03705135 0.03420124 0.05415197 0.01140041 0.02280083 0.13537389 0.14640002 1
0.05252728 0.00202028 0.04646644 0.05858812 0.0202028 0.05252728 0.02828392 0.04848672 0.05454756 0.05252728 0.00404056 0.04444616 0.02626364 0.0101014 0.02424336 0.03636504 0.04444616 0.04444616 0.01414196 0.03838532 0.14721888 0.14972369 1
0.06501267 0.00361181 0.04695359 0.05959495 0.02889452 0.06501267 0.01444726 0.05056541 0.05237132 0.0722363 0.01264135 0.03250633 0.01083544 0.01083544 0.03792406 0.03431224 0.03611815 0.03972996 0.00361181 0.02708861 0.14570265 0.14999342 1
0.06819369 0.0 0.05114527 0.04475211 0.02983474 0.05327632 0.01917947 0.04901421 0.04262105 0.05114527 0.02344158 0.02344158 0.04049 0.01704842 0.03196579 0.04688316 0.02983474 0.04901421 0.00852421 0.02983474 0.13871977 0.15163966 1
0.06058237 0.01009706 0.08077649 0.04038825 0.03533971 0.05553384 0.01514559 0.0656309 0.04543678 0.05553384 0.01514559 0.03029118 0.02524265 0.05048531 0.01009706 0.02019412 0.02524265 0.07572796 0.0 0.01514559 0.12769995 0.14026311 1
0.10201524 0.00425064 0.03400508 0.02550381 0.02550381 0.02975445 0.02125318 0.05100762 0.06375953 0.10201524 0.02125318 0.04250635 0.04250635 0.03825572 0.0 0.04675699 0.03825572 0.05100762 0.0 0.02125318 0.11381414 0.12532216 1
0.08052901 0.00298256 0.02982556 0.06561623 0.02386045 0.06263368 0.00447383 0.0611424 0.05070345 0.05219473 0.01491278 0.02982556 0.02833428 0.0134215 0.026843 0.04324706 0.0342994 0.05666857 0.00447383 0.02236917 0.14058666 0.15105627 1
0.05124348 0.00629306 0.05394051 0.04764745 0.03056629 0.04674844 0.01708116 0.03865736 0.0422534 0.0530415 0.01977819 0.03865736 0.02247521 0.01528314 0.03506133 0.03685935 0.04764745 0.05124348 0.00719207 0.03506133 0.15397056 0.14929791 1
0.04793751 0.00355093 0.05681483 0.05148844 0.04083566 0.06214122 0.01775463 0.0532639 0.0337338 0.05681483 0.02663195 0.03906019 0.03018288 0.03550927 0.02485649 0.02485649 0.04793751 0.03906019 0.0 0.02840741 0.14177563 0.13738622 1
0.05020438 0.01158563 0.05985907 0.03668781 0.03668781 0.07144469 0.01158563 0.030895 0.05020438 0.04441157 0.02703313 0.02896406 0.02124031 0.04054969 0.02703313 0.030895 0.04054969 0.05599719 0.00579281 0.03861875 0.13514554 0.14461473 1
0.06628998 0.00764884 0.0509923 0.04589307 0.02294653 0.08158767 0.02039692 0.04334345 0.04716787 0.05736633 0.02677096 0.02549615 0.03696941 0.01529769 0.02167173 0.03951903 0.04206864 0.05864114 0.00509923 0.01274807 0.13343729 0.13864769 1
0.07002583 0.0 0.04488835 0.05207049 0.02154641 0.05207049 0.02154641 0.06284369 0.05566155 0.05745709 0.02154641 0.03411515 0.02334194 0.0053866 0.02513748 0.03770621 0.04668388 0.05745709 0.00359107 0.02334194 0.13256781 0.15101412 1
0.0721148 0.00584715 0.03898097 0.03898097 0.02143953 0.05262431 0.02338858 0.04872621 0.03898097 0.0643186 0.01169429 0.02728668 0.02143953 0.03898097 0.02338858 0.03898097 0.05457336 0.0721148 0.00584715 0.02338858 0.14387259 0.1330304 1
0.07828877 0.00894729 0.0514469 0.03802597 0.03578915 0.0514469 0.01118411 0.06486784 0.0514469 0.05815737 0.02460504 0.01789458 0.01565775 0.0201314 0.02460504 0.07828877 0.03802597 0.04026279 0.00671047 0.01118411 0.13049917 0.1425337 1
0.06667227 0.0 0.03590045 0.04615773 0.03590045 0.05128636 0.01025727 0.05128636 0.06667227 0.06154364 0.02564318 0.02564318 0.03590045 0.02051455 0.02564318 0.02051455 0.03590045 0.08718682 0.0 0.01538591 0.13548976 0.14650114 1
0.05676721 0.0 0.05298273 0.04162929 0.01513792 0.0605517 0.00756896 0.08325858 0.05676721 0.0605517 0.04162929 0.03406033 0.0189224 0.03406033 0.02649137 0.05298273 0.04162929 0.02649137 0.00378448 0.02649137 0.12246716 0.13577458 1
0.07109306 0.00338538 0.03893191 0.04570268 0.01184884 0.07278575 0.01184884 0.07447844 0.0423173 0.0626296 0.02369769 0.0203123 0.03046845 0.01354153 0.03385384 0.03893191 0.03723922 0.05585883 0.0 0.0203123 0.14820396 0.14255816 1
0.07842169 0.00653514 0.03921085 0.05990546 0.02287299 0.04138923 0.00980271 0.04683518 0.05010275 0.08060007 0.00762433 0.02614056 0.02722975 0.02287299 0.03594328 0.03921085 0.04247842 0.04792437 0.00435676 0.02069461 0.14345198 0.14639603 1
0.02784162 0.00334099 0.04343293 0.05679691 0.05011492 0.05679691 0.02450063 0.03118262 0.04566026 0.06236523 0.0222733 0.0412056 0.02561429 0.02561429 0.02784162 0.02338696 0.03229628 0.03897827 0.02450063 0.03563727 0.14663118 0.15398731 1
0.06815297 0.00170382 0.03748413 0.04600325 0.01533442 0.06815297 0.01703824 0.05111472 0.03066883 0.06644914 0.03748413 0.03407648 0.02385354 0.02726119 0.03748413 0.02385354 0.05963384 0.06474532 0.00170382 0.00851912 0.13848507 0.14079732 1
0.05664685 0.00453175 0.0521151 0.04078573 0.03172223 0.05438097 0.03625398 0.0521151 0.05438097 0.07250796 0.01132937 0.01586112 0.01812699 0.02039286 0.03851985 0.03398811 0.0430516 0.04758335 0.00226587 0.01359524 0.14941095 0.15043404 1
0.03411078 0.00682216 0.05230319 0.04548104 0.02728862 0.02501457 0.02046647 0.04093293 0.05230319 0.08186587 0.02501457 0.02956268 0.02956268 0.02728862 0.02728862 0.04320699 0.05002914 0.03638483 0.01137026 0.04775509 0.13859928 0.14734842 1
0.05516652 0.0 0.0457094 0.05989508 0.01891423 0.07408075 0.00788093 0.04886177 0.04255703 0.06462363 0.02364279 0.03309991 0.02364279 0.01891423 0.02994754 0.03782847 0.03625228 0.06147126 0.0 0.02521898 0.14490076 0.14739163 1
0.03312204 0.00051753 0.05123566 0.05485838 0.03777983 0.03519217 0.01656102 0.04657787 0.07607719 0.07245447 0.00931557 0.04140255 0.01656102 0.02639413 0.03777983 0.03674476 0.03312204 0.03674476 0.00362272 0.03001685 0.14327171 0.16064789 1
0.07928643 0.01016493 0.03862672 0.06098956 0.03862672 0.02642881 0.02236284 0.04269269 0.04675867 0.08131942 0.01219791 0.03049478 0.02032985 0.03659374 0.02439583 0.04269269 0.04269269 0.03252777 0.00203299 0.01829687 0.14067381 0.14981427 1
0.08721947 0.0 0.03690054 0.05870541 0.01509568 0.04696433 0.01845027 0.06038271 0.04193244 0.05870541 0.01006378 0.03019135 0.02851406 0.03522325 0.02515946 0.03522325 0.03354595 0.0654146 0.0 0.02851406 0.13782165 0.14597233 1
0.08023541 0.01458826 0.04376477 0.0401177 0.02917651 0.07658835 0.01823532 0.05470596 0.0510589 0.07294128 0.01823532 0.01458826 0.03282358 0.03282358 0.00729413 0.02917651 0.01823532 0.07294128 0.00364706 0.02188238 0.13226703 0.13467309 1
0.08616684 0.01148891 0.0718057 0.03733897 0.02297782 0.06318902 0.01436114 0.04882788 0.05170011 0.04595565 0.02585005 0.02297782 0.01723337 0.01436114 0.02585005 0.03159451 0.03446674 0.07755016 0.00574446 0.01148891 0.13317489 0.14589585 1
0.0428527 0.0 0.05203542 0.05509632 0.03060907 0.08264448 0.00612181 0.0428527 0.03979179 0.04897451 0.02142635 0.02142635 0.01836544 0.02142635 0.03366997 0.02448725 0.03366997 0.0887663 0.00306091 0.02142635 0.14638863 0.16490734 1
0.07736809 0.00618945 0.04332613 0.04642086 0.02166307 0.05570503 0.01856834 0.04642086 0.04642086 0.05570503 0.02475779 0.01547362 0.04023141 0.02166307 0.02785251 0.04332613 0.03713668 0.05879975 0.00309472 0.02166307 0.14195775 0.1462558 1
0.07301422 0.00208612 0.04172241 0.0500669 0.02086121 0.09178931 0.02294733 0.05215302 0.03129181 0.05632526 0.01877509 0.03337793 0.02294733 0.01460284 0.03546405 0.03337793 0.02920569 0.05632526 0.00417224 0.01251672 0.14486015 0.1521172 1
0.07585229 0.00361201 0.03130412 0.05779222 0.01204005 0.05658822 0.01685606 0.05538421 0.03852815 0.06983227 0.01806007 0.03491613 0.02167208 0.02408009 0.02408009 0.05056819 0.04454817 0.05779222 0.00240801 0.03130412 0.13322324 0.13955799 1
0.09474161 0.01306781 0.04900428 0.04247038 0.02613562 0.06207209 0.00980086 0.05553819 0.05553819 0.03593647 0.01306781 0.01633476 0.01306781 0.02613562 0.02613562 0.03920343 0.06207209 0.06207209 0.00326695 0.01306781 0.14402272 0.13724781 1
0.03657654 0.01463062 0.0402342 0.04754951 0.03291889 0.04389185 0.01463062 0.06218012 0.05120716 0.05486482 0.02926123 0.03291889 0.02560358 0.02926123 0.03657654 0.02926123 0.0402342 0.05120716 0.0 0.03657654 0.13547115 0.15494391 1
0.04203647 0.00542406 0.04746053 0.05830865 0.02847632 0.06644474 0.01220414 0.06373271 0.03661241 0.05695263 0.01627218 0.02305226 0.02440827 0.0271203 0.03525639 0.03525639 0.03932444 0.05830865 0.00678008 0.0176282 0.14792523 0.15101501 1
0.04061043 0.00253815 0.04822488 0.03299597 0.03553412 0.04314858 0.02284337 0.06091564 0.06091564 0.05837749 0.01269076 0.03045782 0.01776706 0.01015261 0.04314858 0.05076303 0.05583934 0.04822488 0.00253815 0.02538152 0.144404 0.15252798 1
0.0780494 0.00503545 0.05035445 0.04783673 0.04028356 0.05035445 0.02517723 0.06042535 0.03524812 0.07553168 0.01007089 0.0327304 0.03776584 0.0226595 0.02014178 0.03021267 0.04783673 0.0553899 0.0 0.01258861 0.12471789 0.13758935 1
0.05295568 0.00460484 0.02762905 0.05295568 0.02993147 0.06907263 0.02072179 0.05295568 0.03683874 0.0552581 0.02762905 0.04144358 0.02302421 0.02532663 0.03683874 0.03914116 0.02532663 0.05986295 0.00230242 0.02072179 0.14941729 0.14604189 1
0.04729752 0.00497869 0.03982949 0.04978686 0.04231883 0.02987212 0.01493606 0.05476554 0.06721226 0.05725489 0.0174254 0.04480817 0.02738277 0.03236146 0.02738277 0.01493606 0.02987212 0.04231883 0.0174254 0.03236146 0.14945182 0.1560215 1
0.07771333 0.00914275 0.07771333 0.02285686 0.03199961 0.04571373 0.00914275 0.02742824 0.04114235 0.08228471 0.00914275 0.04114235 0.01828549 0.02285686 0.01828549 0.03657098 0.06857059 0.05942784 0.00457137 0.03199961 0.13106727 0.13294174 1
0.01767287 0.01767287 0.06185506 0.04418219 0.03976397 0.03534575 0.01767287 0.0486004 0.04418219 0.0706915 0.01325466 0.06185506 0.03976397 0.02209109 0.03092753 0.03092753 0.03976397 0.01325466 0.00441822 0.06185506 0.14691957 0.13732902 1
0.0778845 0.0 0.04728702 0.06119496 0.03894225 0.06397655 0.01947112 0.04172384 0.04728702 0.07232132 0.01668954 0.01390795 0.02225271 0.01947112 0.02781589 0.03059748 0.03337907 0.05841337 0.00278159 0.01390795 0.14433905 0.14635568 1
0.04545422 0.00592881 0.03952541 0.04545422 0.03162033 0.06324066 0.02371525 0.05731185 0.03557287 0.05533558 0.01581017 0.0474305 0.0335966 0.02964406 0.0335966 0.03754914 0.0474305 0.03952541 0.00197627 0.02569152 0.13941459 0.14517544 1
0.05336711 0.0 0.02910933 0.01940622 0.05821867 0.043664 0.00485156 0.07277333 0.02910933 0.130992 0.01455467 0.03881244 0.00485156 0.02910933 0.02425778 0.03396089 0.03396089 0.07762489 0.01455467 0.02910933 0.12531016 0.13240183 1
0.0566069 0.0 0.04828236 0.04661745 0.02164381 0.07159108 0.00998945 0.06493144 0.04994727 0.06826126 0.02330872 0.02330872 0.02164381 0.01997891 0.0382929 0.04661745 0.04828236 0.04328763 0.00166491 0.00665964 0.14982205 0.13926187 1
0.07480648 0.0 0.03740324 0.03740324 0.04488389 0.05485808 0.0049871 0.06732583 0.05485808 0.05236454 0.02493549 0.03989679 0.02742904 0.02742904 0.01745485 0.03241614 0.03989679 0.05236454 0.00748065 0.02244194 0.13697629 0.14238796 1
0.05008739 0.0 0.05321785 0.0657397 0.03130462 0.02191323 0.00626092 0.05947878 0.03130462 0.07200063 0.02817416 0.03756554 0.02817416 0.02191323 0.03130462 0.05008739 0.03443508 0.04382647 0.00626092 0.03130462 0.14467994 0.1509661 1
0.07445115 0.00930639 0.05956092 0.03164174 0.02233534 0.05583836 0.00744511 0.04839325 0.0521158 0.05769964 0.03350302 0.03164174 0.02419662 0.02233534 0.01116767 0.04653197 0.05397708 0.07631243 0.00744511 0.01302895 0.13036032 0.13071205 1
0.08558652 0.0 0.03486858 0.06022755 0.03486858 0.04754807 0.01267948 0.05705768 0.06339742 0.06973716 0.02852884 0.0221891 0.03169871 0.02535897 0.01267948 0.05071794 0.04120832 0.03486858 0.0 0.02535897 0.12957106 0.13184898 1
0.04457461 0.00371455 0.04828916 0.04457461 0.03343096 0.04271733 0.01857275 0.05200371 0.05943281 0.06500464 0.00928638 0.0222873 0.0222873 0.01671548 0.05014643 0.04271733 0.04271733 0.04457461 0.00185728 0.0222873 0.15048284 0.16232528 1
0.04312773 0.00095839 0.04983649 0.0325854 0.03641897 0.03641897 0.02300146 0.05079488 0.05175328 0.07379634 0.01150073 0.04312773 0.02395985 0.04600291 0.02204306 0.05079488 0.05079488 0.03354379 0.00862555 0.03737737 0.13349992 0.1400374 1
0.04267502 0.01113261 0.04453045 0.04453045 0.03525328 0.0575185 0.02040979 0.04267502 0.03154241 0.06308481 0.02783153 0.02968697 0.03525328 0.02783153 0.04824133 0.03154241 0.04453045 0.03154241 0.00556631 0.02968697 0.14224309 0.15269138 1
0.03708699 0.00644991 0.05321176 0.04031194 0.02257469 0.06933654 0.01289982 0.05159929 0.0435369 0.05321176 0.00967487 0.02579964 0.02741212 0.01773725 0.04192442 0.0435369 0.03708699 0.06611158 0.00644991 0.02579964 0.15058665 0.15766043 1
0.0783088 0.00206076 0.04739743 0.0638835 0.04121516 0.07212653 0.02060758 0.04327592 0.05151895 0.05151895 0.01854682 0.02266834 0.0247291 0.01854682 0.02266834 0.01854682 0.0247291 0.05151895 0.00206076 0.0247291 0.15086107 0.14848122 1
0.04170244 0.0 0.05560326 0.02780163 0.03892228 0.05838342 0.0222413 0.04726277 0.04726277 0.0528231 0.01112065 0.01946114 0.0222413 0.03892228 0.05004293 0.03058179 0.0528231 0.04726277 0.0 0.02780163 0.15768608 0.15005335 1
0.02700918 0.00385845 0.05787681 0.05401835 0.02700918 0.04630144 0.01157536 0.05787681 0.06173526 0.05787681 0.01929227 0.03086763 0.01929227 0.01157536 0.02700918 0.03086763 0.03472608 0.07331062 0.0 0.04244299 0.15011883 0.1553595 1
0.06015285 0.00207424 0.03733625 0.05600438 0.01037118 0.05807861 0.02074236 0.06015285 0.04355896 0.06222709 0.01659389 0.03526202 0.01866813 0.01451965 0.03318778 0.04148472 0.03941049 0.06015285 0.00829694 0.02489083 0.14404811 0.15278582 1
0.04805363 0.00266965 0.05873221 0.04271434 0.02669646 0.03870987 0.02002235 0.0520581 0.04938845 0.06006704 0.02669646 0.05072328 0.02803128 0.0347054 0.02002235 0.03737505 0.03070093 0.03070093 0.02402681 0.03337058 0.1428989 0.14163595 1
0.09630605 0.00128408 0.02824977 0.02311345 0.0333861 0.06934035 0.01540897 0.06291995 0.04237466 0.07190852 0.02568161 0.03467018 0.02953385 0.03081794 0.01155673 0.05393139 0.04365874 0.06035179 0.0064204 0.01540897 0.12231238 0.12136413 1
0.07610585 0.0 0.04280954 0.05707939 0.03488185 0.06025046 0.00634215 0.03488185 0.04756616 0.06976369 0.00792769 0.03646739 0.02219754 0.02695415 0.02378308 0.03963846 0.03329631 0.05073723 0.00634215 0.03488185 0.14118734 0.14690586 1
0.04514203 0.0022571 0.04288493 0.06319885 0.01579971 0.05191334 0.01354261 0.04965624 0.03611363 0.07222726 0.03159942 0.02031392 0.01805681 0.02708522 0.03837073 0.04739914 0.03837073 0.05642754 0.00677131 0.02482812 0.14690981 0.15113155 1
0.03451046 0.00600182 0.04501364 0.04801455 0.04201273 0.05101546 0.016505 0.04501364 0.05401637 0.05551683 0.00600182 0.0465141 0.03150955 0.03301 0.01800546 0.05101546 0.03751137 0.04201273 0.01050318 0.04501364 0.14298248 0.13829971 1
0.05016308 0.00456028 0.04104252 0.05016308 0.0228014 0.05928364 0.02508154 0.04788294 0.0456028 0.0684042 0.01368084 0.02052126 0.02964182 0.0342021 0.0228014 0.05244322 0.03876238 0.0456028 0.01824112 0.02964182 0.14134225 0.1381335 1
0.05699308 0.00949885 0.03229608 0.049394 0.02089746 0.03229608 0.02089746 0.05889284 0.04559446 0.07789054 0.024697 0.03039631 0.02089746 0.02849654 0.049394 0.04559446 0.03419585 0.03039631 0.00569931 0.03229608 0.14901176 0.14427411 1
0.06325478 0.02024153 0.04048306 0.04301325 0.02024153 0.05060382 0.00759057 0.07084535 0.06831516 0.07590574 0.02277172 0.0278321 0.02530191 0.01012076 0.02530191 0.04048306 0.03542268 0.04048306 0.00506038 0.02024153 0.14164728 0.14483879 1
0.06556294 0.0 0.044702 0.044702 0.0312914 0.067053 0.0089404 0.05215233 0.05215233 0.05662254 0.01639073 0.02980133 0.02533113 0.02980133 0.01937087 0.05662254 0.04321193 0.05066227 0.00149007 0.0312914 0.13164141 0.14120603 1
0.06111283 0.0 0.04722355 0.04166784 0.03611213 0.04166784 0.01666714 0.05000141 0.05000141 0.08055783 0.01666714 0.03333427 0.03055642 0.01388928 0.04722355 0.02222285 0.03055642 0.03611213 0.01111142 0.0250007 0.15612445 0.15218938 1
0.04125973 0.01375324 0.03514718 0.03667532 0.02750649 0.03973159 0.01528138 0.04890042 0.0641818 0.06112553 0.01528138 0.02750649 0.02445021 0.04431601 0.03820345 0.03514718 0.03667532 0.05806925 0.00305628 0.03514718 0.14919523 0.14938934 1
0.04072656 0.01086042 0.02986614 0.04072656 0.01900573 0.04072656 0.01357552 0.06516249 0.04887187 0.0705927 0.01900573 0.02443593 0.04344166 0.01629062 0.03258125 0.05701718 0.04072656 0.0733078 0.00814531 0.02172083 0.13829537 0.14491724 1
0.03794667 0.0 0.0233518 0.0583795 0.03210872 0.0233518 0.00291897 0.05254155 0.0817313 0.11967797 0.00875692 0.03210872 0.02043282 0.04378462 0.02043282 0.0467036 0.02627077 0.03794667 0.00583795 0.04086565 0.14213632 0.14271485 1
0.05419495 0.01250653 0.03751958 0.06670147 0.0500261 0.04168842 0.02501305 0.04585726 0.02918189 0.01667537 0.01250653 0.02501305 0.02918189 0.04585726 0.04585726 0.04585726 0.03335074 0.03751958 0.01250653 0.03751958 0.13690822 0.15855747 1
0.05869352 0.0 0.0498895 0.05575885 0.01760806 0.07336691 0.01760806 0.07336691 0.04402014 0.06456288 0.02054273 0.02347741 0.00880403 0.02347741 0.02347741 0.02934676 0.03228144 0.0616282 0.00293468 0.02054273 0.14559342 0.15301896 1
0.05728436 0.0 0.03369668 0.03369668 0.03706635 0.04380569 0.04043602 0.05391469 0.05054502 0.06065403 0.00673934 0.03706635 0.06065403 0.05054502 0.010109 0.04380569 0.02695735 0.05391469 0.01684834 0.01347867 0.12425906 0.14452294 1
0.04780438 0.00956088 0.03824351 0.05736526 0.03346307 0.04780438 0.00956088 0.03585329 0.05975548 0.08126745 0.01673153 0.00956088 0.02390219 0.03107285 0.03585329 0.03824351 0.04541417 0.05258482 0.00239022 0.02390219 0.14948489 0.15018088 1
0.04495733 0.0 0.02247866 0.07867532 0.033718 0.04495733 0.02247866 0.04495733 0.07867532 0.02247866 0.033718 0.01123933 0.04495733 0.033718 0.033718 0.02247866 0.02247866 0.06743599 0.0 0.02247866 0.15724573 0.15715503 1
0.05400506 0.003086 0.04937606 0.04011805 0.02623103 0.03703204 0.01080101 0.06017707 0.05246206 0.05709107 0.01697302 0.03394604 0.02160203 0.02468803 0.04011805 0.03703204 0.04166105 0.05863407 0.001543 0.02931703 0.14715007 0.15695612 1
0.02403824 0.02884588 0.03846118 0.02403824 0.04326882 0.06249941 0.04326882 0.01442294 0.05769176 0.04326882 0.00961529 0.03846118 0.01442294 0.04807647 0.05288412 0.03365353 0.03365353 0.02884588 0.00480765 0.05288412 0.14965547 0.15323571 1
0.03988931 0.00156429 0.04223574 0.06022503 0.02424644 0.03363216 0.01486072 0.06178932 0.04692859 0.07665004 0.01720715 0.04536431 0.01407858 0.02737501 0.03206787 0.0524036 0.03832502 0.04145359 0.00703929 0.03206787 0.13603567 0.15456041 1
0.04734503 0.0 0.04456003 0.04456003 0.03063502 0.06684004 0.01949501 0.06405504 0.05291503 0.07798005 0.01114001 0.01671001 0.03063502 0.03620502 0.01671001 0.03620502 0.04456003 0.05848504 0.002785 0.02228001 0.13392421 0.14197534 1
0.0300817 0.0 0.04010894 0.06016341 0.03342412 0.04345135 0.0300817 0.04345135 0.06016341 0.06684823 0.02005447 0.03342412 0.02673929 0.02673929 0.04010894 0.04345135 0.01671206 0.04345135 0.01002723 0.03676653 0.15394755 0.14080361 1
0.05621408 0.00581525 0.03876833 0.046522 0.04070675 0.06202933 0.023261 0.04458358 0.03101466 0.07172141 0.02713783 0.0348915 0.02907625 0.03295308 0.02713783 0.02519941 0.06202933 0.046522 0.00775367 0.01550733 0.13588401 0.13527138 1
0.04974415 0.01913236 0.05548386 0.05931033 0.02487207 0.05165738 0.01530589 0.04400444 0.04591767 0.05165738 0.01530589 0.02869855 0.03826473 0.03443826 0.02869855 0.01913236 0.03061178 0.05165738 0.01721913 0.02487207 0.14681437 0.14720139 1
0.07177914 0.00363439 0.04724703 0.04270405 0.02907509 0.06541896 0.01453755 0.04724703 0.03906966 0.06087598 0.01544614 0.04179545 0.02998369 0.03180088 0.02453211 0.04179545 0.04724703 0.05088142 0.00454298 0.01998913 0.13204564 0.1383512 1
0.04897977 0.00349856 0.05597688 0.05597688 0.01749278 0.04198266 0.02099133 0.07346966 0.05947544 0.06297399 0.02099133 0.03498555 0.03498555 0.02448989 0.031487 0.031487 0.02448989 0.04897977 0.0 0.02099133 0.14040742 0.14588733 1
0.09158354 0.0 0.03052785 0.03052785 0.02543987 0.04833576 0.01526392 0.08140759 0.0203519 0.08140759 0.03815981 0.03561582 0.02798386 0.03052785 0.04070379 0.0585117 0.02543987 0.04833576 0.00508797 0.02543987 0.11798428 0.12136356 1
